ID,Fe,C,Cr,Mn,Si,Ni,Co,Mo,W,Nb,Al,P,Cu,Ti,V,B,N,S,Homo,Normal,Temper1,AGS No.,CT_Temp,CT_CS,CT_RT,CT_EL,CT_RA,CT_MCR,CT_0.5% CS,CT_1.0% CS,CT_2.0% CS,CT_5.0% CS,CT_TTC
AUS_001,67.513,0.09,18.2,1.57,0.4,11.32,,,,0.88,,0.026,,,,,,0.001,0,1190,,8.9,600,320,199.6,11,14,0.0028,,,,,86
AUS_001,67.513,0.09,18.2,1.57,0.4,11.32,,,,0.88,,0.026,,,,,,0.001,0,1190,,8.9,600,280,1314,10,12,0.00034,,,,140,365
AUS_001,67.513,0.09,18.2,1.57,0.4,11.32,,,,0.88,,0.026,,,,,,0.001,0,1190,,8.9,600,260,1913.6,9,12,0.00074,,,,1190,341
AUS_001,67.513,0.09,18.2,1.57,0.4,11.32,,,,0.88,,0.026,,,,,,0.001,0,1190,,8.9,600,240,6678.8,9,14,0.00052,,,80,4140,1650
AUS_001,67.513,0.09,18.2,1.57,0.4,11.32,,,,0.88,,0.026,,,,,,0.001,0,1190,,8.9,600,220,34874.8,8,11,5e-05,,,1290,28800,26100
AUS_001,67.513,0.09,18.2,1.57,0.4,11.32,,,,0.88,,0.026,,,,,,0.001,0,1190,,8.9,600,200,59486.7,8,11,1.5e-05,,1100,10600,56700,40000
AUS_001,67.513,0.09,18.2,1.57,0.4,11.32,,,,0.88,,0.026,,,,,,0.001,0,1190,,8.9,625,200,15223.8,20,20,8.5e-05,,241,1790,13100,8790
AUS_001,67.513,0.09,18.2,1.57,0.4,11.32,,,,0.88,,0.026,,,,,,0.001,0,1190,,8.9,650,260,108.6,37,43,0.024,,,,19,49
AUS_001,67.513,0.09,18.2,1.57,0.4,11.32,,,,0.88,,0.026,,,,,,0.001,0,1190,,8.9,650,240,240.7,43,51,0.01,,,,122,84
AUS_001,67.513,0.09,18.2,1.57,0.4,11.32,,,,0.88,,0.026,,,,,,0.001,0,1190,,8.9,650,220,982.3,36,54,0.0058,,,6,356,191
AUS_001,67.513,0.09,18.2,1.57,0.4,11.32,,,,0.88,,0.026,,,,,,0.001,0,1190,,8.9,650,200,3206.1,34,51,0.00081,,3,286,2390,1940
AUS_001,67.513,0.09,18.2,1.57,0.4,11.32,,,,0.88,,0.026,,,,,,0.001,0,1190,,8.9,650,180,6276,36,45,0.00023,5,270,2900,5290,3340
AUS_001,67.513,0.09,18.2,1.57,0.4,11.32,,,,0.88,,0.026,,,,,,0.001,0,1190,,8.9,650,160,9517.8,20,22,7.7e-05,23,691,5870,8390,4520
AUS_001,67.513,0.09,18.2,1.57,0.4,11.32,,,,0.88,,0.026,,,,,,0.001,0,1190,,8.9,650,140,16056.8,30,39,4.9e-05,339,6590,10800,13600,8070
AUS_001,67.513,0.09,18.2,1.57,0.4,11.32,,,,0.88,,0.026,,,,,,0.001,0,1190,,8.9,650,120,26534.6,31,36,1.3e-05,8000,14100,17800,22000,10500
AUS_001,67.513,0.09,18.2,1.57,0.4,11.32,,,,0.88,,0.026,,,,,,0.001,0,1190,,8.9,650,100,61626.2,16,16,1.6e-05,12700,28300,39500,52100,26700
AUS_001,67.513,0.09,18.2,1.57,0.4,11.32,,,,0.88,,0.026,,,,,,0.001,0,1190,,8.9,700,200,73.5,38,70,0.052,,,7,46,32
AUS_001,67.513,0.09,18.2,1.57,0.4,11.32,,,,0.88,,0.026,,,,,,0.001,0,1190,,8.9,700,160,402.3,49,76,0.0045,1,21,181,284,170
AUS_001,67.513,0.09,18.2,1.57,0.4,11.32,,,,0.88,,0.026,,,,,,0.001,0,1190,,8.9,700,140,898.1,51,69,0.0015,17,271,482,656,369
AUS_001,67.513,0.09,18.2,1.57,0.4,11.32,,,,0.88,,0.026,,,,,,0.001,0,1190,,8.9,700,120,2536.3,46,57,0.00039,506,1130,1460,1840,1070
AUS_001,67.513,0.09,18.2,1.57,0.4,11.32,,,,0.88,,0.026,,,,,,0.001,0,1190,,8.9,700,100,6555,39,43,0.00021,838,2420,3270,4510,2480
AUS_001,67.513,0.09,18.2,1.57,0.4,11.32,,,,0.88,,0.026,,,,,,0.001,0,1190,,8.9,700,80,16874.4,24,34,1.2e-05,4860,6640,8920,12700,4050
AUS_001,67.513,0.09,18.2,1.57,0.4,11.32,,,,0.88,,0.026,,,,,,0.001,0,1190,,8.9,700,60,56585.6,20,24,2.5e-05,12100,23100,35500,46600,19300
AUS_001,67.513,0.09,18.2,1.57,0.4,11.32,,,,0.88,,0.026,,,,,,0.001,0,1190,,8.9,750,120,112.9,67,72,0.024,2,20,36,58,26
AUS_001,67.513,0.09,18.2,1.57,0.4,11.32,,,,0.88,,0.026,,,,,,0.001,0,1190,,8.9,750,100,334.9,59,68,0.0049,49,75,100,154,63
AUS_001,67.513,0.09,18.2,1.57,0.4,11.32,,,,0.88,,0.026,,,,,,0.001,0,1190,,8.9,750,80,1406.3,54,61,0.0018,149,233,351,652,185
AUS_001,67.513,0.09,18.2,1.57,0.4,11.32,,,,0.88,,0.026,,,,,,0.001,0,1190,,8.9,750,70,3837.6,39,43,0.0005,618,1160,1750,2610,1090
AUS_001,67.513,0.09,18.2,1.57,0.4,11.32,,,,0.88,,0.026,,,,,,0.001,0,1190,,8.9,750,69.4,2833.4,36,48,0.0014,263,524,881,1590,585
AUS_001,67.513,0.09,18.2,1.57,0.4,11.32,,,,0.88,,0.026,,,,,,0.001,0,1190,,8.9,750,60,5961.9,31,35,0.0004,763,1570,2520,3960,1620
AUS_001,67.513,0.09,18.2,1.57,0.4,11.32,,,,0.88,,0.026,,,,,,0.001,0,1190,,8.9,750,50,12934.6,24,22,0.00012,2740,4990,7230,10100,4560
AUS_001,67.513,0.09,18.2,1.57,0.4,11.32,,,,0.88,,0.026,,,,,,0.001,0,1190,,8.9,750,40,23764.9,20,15,6.8e-05,4530,8540,13000,18700,8070
AUS_001,67.513,0.09,18.2,1.57,0.4,11.32,,,,0.88,,0.026,,,,,,0.001,0,1190,,8.9,750,30,61646.5,19,14,3e-05,12700,23600,35800,49600,24300
AUS_001,67.513,0.09,18.2,1.57,0.4,11.32,,,,0.88,,0.026,,,,,,0.001,0,1190,,8.9,800,80,187.9,60,64,0.021,15,29,49,90,28
AUS_001,67.513,0.09,18.2,1.57,0.4,11.32,,,,0.88,,0.026,,,,,,0.001,0,1190,,8.9,800,70,385.6,51,62,0.0076,40,79,126,210,74
AUS_001,67.513,0.09,18.2,1.57,0.4,11.32,,,,0.88,,0.026,,,,,,0.001,0,1190,,8.9,800,60,671,47,59,0.0054,60,124,204,351,132
AUS_001,67.513,0.09,18.2,1.57,0.4,11.32,,,,0.88,,0.026,,,,,,0.001,0,1190,,8.9,800,50,1505.1,34,41,0.0014,240,393,578,900,331
AUS_001,67.513,0.09,18.2,1.57,0.4,11.32,,,,0.88,,0.026,,,,,,0.001,0,1190,,8.9,800,40,3460.8,29,31,0.00059,550,913,1390,2200,751
AUS_001,67.513,0.09,18.2,1.57,0.4,11.32,,,,0.88,,0.026,,,,,,0.001,0,1190,,8.9,800,30,8249.1,23,19,0.00028,1240,2200,3550,5670,1850
AUS_001,67.513,0.09,18.2,1.57,0.4,11.32,,,,0.88,,0.026,,,,,,0.001,0,1190,,8.9,800,20,25986.2,25,17,9.5e-05,3410,7160,11800,18700,7970
AUS_002,66.5264,0.07,17.85,1.71,0.6,12,0.29,0.04,,0.74,0.019,0.02,0.05,0.019,0.031,0.0012,0.0284,0.005,0,,,5.4,600,314,416.3,12,21,,,,,,
AUS_002,66.5264,0.07,17.85,1.71,0.6,12,0.29,0.04,,0.74,0.019,0.02,0.05,0.019,0.031,0.0012,0.0284,0.005,0,,,5.4,600,265,3674.6,22,33,,,,,,
AUS_002,66.5264,0.07,17.85,1.71,0.6,12,0.29,0.04,,0.74,0.019,0.02,0.05,0.019,0.031,0.0012,0.0284,0.005,0,,,5.4,600,216,24620.5,18,29,,,,,,
AUS_002,66.5264,0.07,17.85,1.71,0.6,12,0.29,0.04,,0.74,0.019,0.02,0.05,0.019,0.031,0.0012,0.0284,0.005,0,,,5.4,600,196,45407.2,19,29,,,,,,
AUS_002,66.5264,0.07,17.85,1.71,0.6,12,0.29,0.04,,0.74,0.019,0.02,0.05,0.019,0.031,0.0012,0.0284,0.005,0,,,5.4,600,176,74273.3,20,26,,,,,,
AUS_002,66.5264,0.07,17.85,1.71,0.6,12,0.29,0.04,,0.74,0.019,0.02,0.05,0.019,0.031,0.0012,0.0284,0.005,0,,,5.4,600,157,123114,23,28,,,,,,
AUS_002,66.5264,0.07,17.85,1.71,0.6,12,0.29,0.04,,0.74,0.019,0.02,0.05,0.019,0.031,0.0012,0.0284,0.005,0,,,5.4,600,137,195221.6,16,29,,,,,,
AUS_002,66.5264,0.07,17.85,1.71,0.6,12,0.29,0.04,,0.74,0.019,0.02,0.05,0.019,0.031,0.0012,0.0284,0.005,0,,,5.4,650,265,153.8,34,54,,,,,,
AUS_002,66.5264,0.07,17.85,1.71,0.6,12,0.29,0.04,,0.74,0.019,0.02,0.05,0.019,0.031,0.0012,0.0284,0.005,0,,,5.4,650,235,738,26,43,,,,,,
AUS_002,66.5264,0.07,17.85,1.71,0.6,12,0.29,0.04,,0.74,0.019,0.02,0.05,0.019,0.031,0.0012,0.0284,0.005,0,,,5.4,650,216,1840.7,22,34,,,,,,
AUS_002,66.5264,0.07,17.85,1.71,0.6,12,0.29,0.04,,0.74,0.019,0.02,0.05,0.019,0.031,0.0012,0.0284,0.005,0,,,5.4,650,176,5906.5,23,37,,,,,,
AUS_002,66.5264,0.07,17.85,1.71,0.6,12,0.29,0.04,,0.74,0.019,0.02,0.05,0.019,0.031,0.0012,0.0284,0.005,0,,,5.4,650,137,15411.8,21,37,,,,,,
AUS_002,66.5264,0.07,17.85,1.71,0.6,12,0.29,0.04,,0.74,0.019,0.02,0.05,0.019,0.031,0.0012,0.0284,0.005,0,,,5.4,650,108,44276.6,18,32,,,,,,
AUS_002,66.5264,0.07,17.85,1.71,0.6,12,0.29,0.04,,0.74,0.019,0.02,0.05,0.019,0.031,0.0012,0.0284,0.005,0,,,5.4,650,88,106841.5,17,27,,,,,,
AUS_002,66.5264,0.07,17.85,1.71,0.6,12,0.29,0.04,,0.74,0.019,0.02,0.05,0.019,0.031,0.0012,0.0284,0.005,0,,,5.4,650,78,171094.7,16,22,,,,,,
AUS_002,66.5264,0.07,17.85,1.71,0.6,12,0.29,0.04,,0.74,0.019,0.02,0.05,0.019,0.031,0.0012,0.0284,0.005,0,,,5.4,700,216,58.4,38,63,,,,,,
AUS_002,66.5264,0.07,17.85,1.71,0.6,12,0.29,0.04,,0.74,0.019,0.02,0.05,0.019,0.031,0.0012,0.0284,0.005,0,,,5.4,700,176,356.4,22,41,,,,,,
AUS_002,66.5264,0.07,17.85,1.71,0.6,12,0.29,0.04,,0.74,0.019,0.02,0.05,0.019,0.031,0.0012,0.0284,0.005,0,,,5.4,700,137,1116.5,31,46,,,,,,
AUS_002,66.5264,0.07,17.85,1.71,0.6,12,0.29,0.04,,0.74,0.019,0.02,0.05,0.019,0.031,0.0012,0.0284,0.005,0,,,5.4,700,98,4892.7,28,41,,,,,,
AUS_002,66.5264,0.07,17.85,1.71,0.6,12,0.29,0.04,,0.74,0.019,0.02,0.05,0.019,0.031,0.0012,0.0284,0.005,0,,,5.4,700,78,16581.2,22,30,,,,,,
AUS_002,66.5264,0.07,17.85,1.71,0.6,12,0.29,0.04,,0.74,0.019,0.02,0.05,0.019,0.031,0.0012,0.0284,0.005,0,,,5.4,700,61,47219.1,27,27,,,,,,
AUS_002,66.5264,0.07,17.85,1.71,0.6,12,0.29,0.04,,0.74,0.019,0.02,0.05,0.019,0.031,0.0012,0.0284,0.005,0,,,5.4,700,53,90260.7,18,19,,,,,,
AUS_002,66.5264,0.07,17.85,1.71,0.6,12,0.29,0.04,,0.74,0.019,0.02,0.05,0.019,0.031,0.0012,0.0284,0.005,0,,,5.4,700,47,142590.9,22,16,,,,,,
AUS_002,66.5264,0.07,17.85,1.71,0.6,12,0.29,0.04,,0.74,0.019,0.02,0.05,0.019,0.031,0.0012,0.0284,0.005,0,,,5.4,750,137,57,49,66,,,,,,
AUS_002,66.5264,0.07,17.85,1.71,0.6,12,0.29,0.04,,0.74,0.019,0.02,0.05,0.019,0.031,0.0012,0.0284,0.005,0,,,5.4,750,118,115.8,49,52,,,,,,
AUS_002,66.5264,0.07,17.85,1.71,0.6,12,0.29,0.04,,0.74,0.019,0.02,0.05,0.019,0.031,0.0012,0.0284,0.005,0,,,5.4,750,98,383.2,45,54,,,,,,
AUS_002,66.5264,0.07,17.85,1.71,0.6,12,0.29,0.04,,0.74,0.019,0.02,0.05,0.019,0.031,0.0012,0.0284,0.005,0,,,5.4,750,88,924.2,38,48,,,,,,
AUS_002,66.5264,0.07,17.85,1.71,0.6,12,0.29,0.04,,0.74,0.019,0.02,0.05,0.019,0.031,0.0012,0.0284,0.005,0,,,5.4,750,69,4555.7,35,33,,,,,,
AUS_002,66.5264,0.07,17.85,1.71,0.6,12,0.29,0.04,,0.74,0.019,0.02,0.05,0.019,0.031,0.0012,0.0284,0.005,0,,,5.4,750,53,12081.4,26,23,,,,,,
AUS_002,66.5264,0.07,17.85,1.71,0.6,12,0.29,0.04,,0.74,0.019,0.02,0.05,0.019,0.031,0.0012,0.0284,0.005,0,,,5.4,750,37,26479,33,23,,,,,,
AUS_003,66.4872,0.06,17.8,1.66,0.49,12.2,0.27,0.05,,0.82,0.023,0.023,0.03,0.018,0.038,0.0012,0.0236,0.006,0,,,4.7,600,314,104.2,14,24,,,,,,
AUS_003,66.4872,0.06,17.8,1.66,0.49,12.2,0.27,0.05,,0.82,0.023,0.023,0.03,0.018,0.038,0.0012,0.0236,0.006,0,,,4.7,600,265,1929.1,10,18,,,,,,
AUS_003,66.4872,0.06,17.8,1.66,0.49,12.2,0.27,0.05,,0.82,0.023,0.023,0.03,0.018,0.038,0.0012,0.0236,0.006,0,,,4.7,600,216,7251.8,8,19,,,,,,
AUS_003,66.4872,0.06,17.8,1.66,0.49,12.2,0.27,0.05,,0.82,0.023,0.023,0.03,0.018,0.038,0.0012,0.0236,0.006,0,,,4.7,600,196,13099.6,8,18,,,,,,
AUS_003,66.4872,0.06,17.8,1.66,0.49,12.2,0.27,0.05,,0.82,0.023,0.023,0.03,0.018,0.038,0.0012,0.0236,0.006,0,,,4.7,600,176,15304.4,8,14,,,,,,
AUS_003,66.4872,0.06,17.8,1.66,0.49,12.2,0.27,0.05,,0.82,0.023,0.023,0.03,0.018,0.038,0.0012,0.0236,0.006,0,,,4.7,600,176,20674.2,12,17,,,,,,
AUS_003,66.4872,0.06,17.8,1.66,0.49,12.2,0.27,0.05,,0.82,0.023,0.023,0.03,0.018,0.038,0.0012,0.0236,0.006,0,,,4.7,600,176,21748.5,13,15,,,,,,
AUS_003,66.4872,0.06,17.8,1.66,0.49,12.2,0.27,0.05,,0.82,0.023,0.023,0.03,0.018,0.038,0.0012,0.0236,0.006,0,,,4.7,600,157,38751.9,10,12,,,,,,
AUS_003,66.4872,0.06,17.8,1.66,0.49,12.2,0.27,0.05,,0.82,0.023,0.023,0.03,0.018,0.038,0.0012,0.0236,0.006,0,,,4.7,600,137,81570.6,12,13,,,,,,
AUS_003,66.4872,0.06,17.8,1.66,0.49,12.2,0.27,0.05,,0.82,0.023,0.023,0.03,0.018,0.038,0.0012,0.0236,0.006,0,,,4.7,650,265,56.6,10,20,,,,,,
AUS_003,66.4872,0.06,17.8,1.66,0.49,12.2,0.27,0.05,,0.82,0.023,0.023,0.03,0.018,0.038,0.0012,0.0236,0.006,0,,,4.7,650,216,478.9,8,18,,,,,,
AUS_003,66.4872,0.06,17.8,1.66,0.49,12.2,0.27,0.05,,0.82,0.023,0.023,0.03,0.018,0.038,0.0012,0.0236,0.006,0,,,4.7,650,176,3019.8,15,24,,,,,,
AUS_003,66.4872,0.06,17.8,1.66,0.49,12.2,0.27,0.05,,0.82,0.023,0.023,0.03,0.018,0.038,0.0012,0.0236,0.006,0,,,4.7,650,137,18488.9,16,34,,,,,,
AUS_003,66.4872,0.06,17.8,1.66,0.49,12.2,0.27,0.05,,0.82,0.023,0.023,0.03,0.018,0.038,0.0012,0.0236,0.006,0,,,4.7,650,108,48332.8,16,28,,,,,,
AUS_003,66.4872,0.06,17.8,1.66,0.49,12.2,0.27,0.05,,0.82,0.023,0.023,0.03,0.018,0.038,0.0012,0.0236,0.006,0,,,4.7,650,88,183725.1,15,16,,,,,,
AUS_003,66.4872,0.06,17.8,1.66,0.49,12.2,0.27,0.05,,0.82,0.023,0.023,0.03,0.018,0.038,0.0012,0.0236,0.006,0,,,4.7,700,176,349.1,12,24,,,,,,
AUS_003,66.4872,0.06,17.8,1.66,0.49,12.2,0.27,0.05,,0.82,0.023,0.023,0.03,0.018,0.038,0.0012,0.0236,0.006,0,,,4.7,700,137,1953.6,30,43,,,,,,
AUS_003,66.4872,0.06,17.8,1.66,0.49,12.2,0.27,0.05,,0.82,0.023,0.023,0.03,0.018,0.038,0.0012,0.0236,0.006,0,,,4.7,700,98,7523.2,24,44,,,,,,
AUS_003,66.4872,0.06,17.8,1.66,0.49,12.2,0.27,0.05,,0.82,0.023,0.023,0.03,0.018,0.038,0.0012,0.0236,0.006,0,,,4.7,700,78,22841.7,14,31,,,,,,
AUS_003,66.4872,0.06,17.8,1.66,0.49,12.2,0.27,0.05,,0.82,0.023,0.023,0.03,0.018,0.038,0.0012,0.0236,0.006,0,,,4.7,700,61,85670.8,11,11,,,,,,
AUS_003,66.4872,0.06,17.8,1.66,0.49,12.2,0.27,0.05,,0.82,0.023,0.023,0.03,0.018,0.038,0.0012,0.0236,0.006,0,,,4.7,700,53,69162.6,7,11,,,,,,
AUS_003,66.4872,0.06,17.8,1.66,0.49,12.2,0.27,0.05,,0.82,0.023,0.023,0.03,0.018,0.038,0.0012,0.0236,0.006,0,,,4.7,750,137,179.5,25,48,,,,,,
AUS_003,66.4872,0.06,17.8,1.66,0.49,12.2,0.27,0.05,,0.82,0.023,0.023,0.03,0.018,0.038,0.0012,0.0236,0.006,0,,,4.7,750,98,903.4,32,50,,,,,,
AUS_003,66.4872,0.06,17.8,1.66,0.49,12.2,0.27,0.05,,0.82,0.023,0.023,0.03,0.018,0.038,0.0012,0.0236,0.006,0,,,4.7,750,69,6977.4,24,41,,,,,,
AUS_003,66.4872,0.06,17.8,1.66,0.49,12.2,0.27,0.05,,0.82,0.023,0.023,0.03,0.018,0.038,0.0012,0.0236,0.006,0,,,4.7,750,53,21275.8,18,26,,,,,,
AUS_003,66.4872,0.06,17.8,1.66,0.49,12.2,0.27,0.05,,0.82,0.023,0.023,0.03,0.018,0.038,0.0012,0.0236,0.006,0,,,4.7,750,37,54780.1,12,11,,,,,,
AUS_004,66.1628,0.07,17.95,1.73,0.62,12.2,0.29,0.1,,0.72,0.012,0.024,0.04,0.019,0.032,0.0016,0.0216,0.007,0,,,5.3,600,314,326.8,15,27,,,,,,
AUS_004,66.1628,0.07,17.95,1.73,0.62,12.2,0.29,0.1,,0.72,0.012,0.024,0.04,0.019,0.032,0.0016,0.0216,0.007,0,,,5.3,600,265,3287.8,20,41,,,,,,
AUS_004,66.1628,0.07,17.95,1.73,0.62,12.2,0.29,0.1,,0.72,0.012,0.024,0.04,0.019,0.032,0.0016,0.0216,0.007,0,,,5.3,600,216,53556.3,14,29,,,,,,
AUS_004,66.1628,0.07,17.95,1.73,0.62,12.2,0.29,0.1,,0.72,0.012,0.024,0.04,0.019,0.032,0.0016,0.0216,0.007,0,,,5.3,600,196,86226.9,12,24,,,,,,
AUS_004,66.1628,0.07,17.95,1.73,0.62,12.2,0.29,0.1,,0.72,0.012,0.024,0.04,0.019,0.032,0.0016,0.0216,0.007,0,,,5.3,600,176,89502.4,10,20,,,,,,
AUS_004,66.1628,0.07,17.95,1.73,0.62,12.2,0.29,0.1,,0.72,0.012,0.024,0.04,0.019,0.032,0.0016,0.0216,0.007,0,,,5.3,650,265,155.7,31,51,,,,,,
AUS_004,66.1628,0.07,17.95,1.73,0.62,12.2,0.29,0.1,,0.72,0.012,0.024,0.04,0.019,0.032,0.0016,0.0216,0.007,0,,,5.3,650,235,1333.2,19,36,,,,,,
AUS_004,66.1628,0.07,17.95,1.73,0.62,12.2,0.29,0.1,,0.72,0.012,0.024,0.04,0.019,0.032,0.0016,0.0216,0.007,0,,,5.3,650,216,3404.6,16,34,,,,,,
AUS_004,66.1628,0.07,17.95,1.73,0.62,12.2,0.29,0.1,,0.72,0.012,0.024,0.04,0.019,0.032,0.0016,0.0216,0.007,0,,,5.3,650,176,7269,22,38,,,,,,
AUS_004,66.1628,0.07,17.95,1.73,0.62,12.2,0.29,0.1,,0.72,0.012,0.024,0.04,0.019,0.032,0.0016,0.0216,0.007,0,,,5.3,650,137,20773.3,12,34,,,,,,
AUS_004,66.1628,0.07,17.95,1.73,0.62,12.2,0.29,0.1,,0.72,0.012,0.024,0.04,0.019,0.032,0.0016,0.0216,0.007,0,,,5.3,650,108,52128.7,23,35,,,,,,
AUS_004,66.1628,0.07,17.95,1.73,0.62,12.2,0.29,0.1,,0.72,0.012,0.024,0.04,0.019,0.032,0.0016,0.0216,0.007,0,,,5.3,650,88,149937.2,13,19,,,,,,
AUS_004,66.1628,0.07,17.95,1.73,0.62,12.2,0.29,0.1,,0.72,0.012,0.024,0.04,0.019,0.032,0.0016,0.0216,0.007,0,,,5.3,700,216,57.6,33,67,,,,,,
AUS_004,66.1628,0.07,17.95,1.73,0.62,12.2,0.29,0.1,,0.72,0.012,0.024,0.04,0.019,0.032,0.0016,0.0216,0.007,0,,,5.3,700,176,513.7,25,49,,,,,,
AUS_004,66.1628,0.07,17.95,1.73,0.62,12.2,0.29,0.1,,0.72,0.012,0.024,0.04,0.019,0.032,0.0016,0.0216,0.007,0,,,5.3,700,137,1774.4,18,40,,,,,,
AUS_004,66.1628,0.07,17.95,1.73,0.62,12.2,0.29,0.1,,0.72,0.012,0.024,0.04,0.019,0.032,0.0016,0.0216,0.007,0,,,5.3,700,98,7340.6,20,35,,,,,,
AUS_004,66.1628,0.07,17.95,1.73,0.62,12.2,0.29,0.1,,0.72,0.012,0.024,0.04,0.019,0.032,0.0016,0.0216,0.007,0,,,5.3,700,78,39318.4,7,11,,,,,,
AUS_004,66.1628,0.07,17.95,1.73,0.62,12.2,0.29,0.1,,0.72,0.012,0.024,0.04,0.019,0.032,0.0016,0.0216,0.007,0,,,5.3,700,61,137561,8,8,,,,,,
AUS_004,66.1628,0.07,17.95,1.73,0.62,12.2,0.29,0.1,,0.72,0.012,0.024,0.04,0.019,0.032,0.0016,0.0216,0.007,0,,,5.3,750,157,24,40,62,,,,,,
AUS_004,66.1628,0.07,17.95,1.73,0.62,12.2,0.29,0.1,,0.72,0.012,0.024,0.04,0.019,0.032,0.0016,0.0216,0.007,0,,,5.3,750,137,75.5,41,55,,,,,,
AUS_004,66.1628,0.07,17.95,1.73,0.62,12.2,0.29,0.1,,0.72,0.012,0.024,0.04,0.019,0.032,0.0016,0.0216,0.007,0,,,5.3,750,118,168,30,46,,,,,,
AUS_004,66.1628,0.07,17.95,1.73,0.62,12.2,0.29,0.1,,0.72,0.012,0.024,0.04,0.019,0.032,0.0016,0.0216,0.007,0,,,5.3,750,98,694.1,18,29,,,,,,
AUS_004,66.1628,0.07,17.95,1.73,0.62,12.2,0.29,0.1,,0.72,0.012,0.024,0.04,0.019,0.032,0.0016,0.0216,0.007,0,,,5.3,750,88,1498.9,18,36,,,,,,
AUS_004,66.1628,0.07,17.95,1.73,0.62,12.2,0.29,0.1,,0.72,0.012,0.024,0.04,0.019,0.032,0.0016,0.0216,0.007,0,,,5.3,750,69,10440.6,13,18,,,,,,
AUS_004,66.1628,0.07,17.95,1.73,0.62,12.2,0.29,0.1,,0.72,0.012,0.024,0.04,0.019,0.032,0.0016,0.0216,0.007,0,,,5.3,750,53,23997.8,12,18,,,,,,
AUS_004,66.1628,0.07,17.95,1.73,0.62,12.2,0.29,0.1,,0.72,0.012,0.024,0.04,0.019,0.032,0.0016,0.0216,0.007,0,,,5.3,750,37,64885,10,11,,,,,,
AUS_005,65.9046,0.04,17.61,1.73,0.82,12.5,0.33,0.06,,0.79,0.013,0.022,0.1,0.019,0.032,0.0004,0.02,0.009,0,1200,,4.4,600,314,43.4,14,30,,,,,,
AUS_005,65.9046,0.04,17.61,1.73,0.82,12.5,0.33,0.06,,0.79,0.013,0.022,0.1,0.019,0.032,0.0004,0.02,0.009,0,1200,,4.4,600,265,603.5,10,12,,,,,,
AUS_005,65.9046,0.04,17.61,1.73,0.82,12.5,0.33,0.06,,0.79,0.013,0.022,0.1,0.019,0.032,0.0004,0.02,0.009,0,1200,,4.4,600,216,2174.6,10,18,,,,,,
AUS_005,65.9046,0.04,17.61,1.73,0.82,12.5,0.33,0.06,,0.79,0.013,0.022,0.1,0.019,0.032,0.0004,0.02,0.009,0,1200,,4.4,600,196,3380.5,7,15,,,,,,
AUS_005,65.9046,0.04,17.61,1.73,0.82,12.5,0.33,0.06,,0.79,0.013,0.022,0.1,0.019,0.032,0.0004,0.02,0.009,0,1200,,4.4,600,176,5315.3,7,12,,,,,,
AUS_005,65.9046,0.04,17.61,1.73,0.82,12.5,0.33,0.06,,0.79,0.013,0.022,0.1,0.019,0.032,0.0004,0.02,0.009,0,1200,,4.4,600,157,7680.7,4,9,,,,,,
AUS_005,65.9046,0.04,17.61,1.73,0.82,12.5,0.33,0.06,,0.79,0.013,0.022,0.1,0.019,0.032,0.0004,0.02,0.009,0,1200,,4.4,600,137,12322.6,5,9,,,,,,
AUS_005,65.9046,0.04,17.61,1.73,0.82,12.5,0.33,0.06,,0.79,0.013,0.022,0.1,0.019,0.032,0.0004,0.02,0.009,0,1200,,4.4,600,118,20080.2,4,4,,,,,,
AUS_005,65.9046,0.04,17.61,1.73,0.82,12.5,0.33,0.06,,0.79,0.013,0.022,0.1,0.019,0.032,0.0004,0.02,0.009,0,1200,,4.4,600,108,28547.6,4,6,,,,,,
AUS_005,65.9046,0.04,17.61,1.73,0.82,12.5,0.33,0.06,,0.79,0.013,0.022,0.1,0.019,0.032,0.0004,0.02,0.009,0,1200,,4.4,600,78,153709.2,5,7,,,,,,
AUS_005,65.9046,0.04,17.61,1.73,0.82,12.5,0.33,0.06,,0.79,0.013,0.022,0.1,0.019,0.032,0.0004,0.02,0.009,0,1200,,4.4,650,265,25.3,11,19,,,,,,
AUS_005,65.9046,0.04,17.61,1.73,0.82,12.5,0.33,0.06,,0.79,0.013,0.022,0.1,0.019,0.032,0.0004,0.02,0.009,0,1200,,4.4,650,216,167.8,10,13,,,,,,
AUS_005,65.9046,0.04,17.61,1.73,0.82,12.5,0.33,0.06,,0.79,0.013,0.022,0.1,0.019,0.032,0.0004,0.02,0.009,0,1200,,4.4,650,176,529.3,8,16,,,,,,
AUS_005,65.9046,0.04,17.61,1.73,0.82,12.5,0.33,0.06,,0.79,0.013,0.022,0.1,0.019,0.032,0.0004,0.02,0.009,0,1200,,4.4,650,137,2006.8,5,8,,,,,,
AUS_005,65.9046,0.04,17.61,1.73,0.82,12.5,0.33,0.06,,0.79,0.013,0.022,0.1,0.019,0.032,0.0004,0.02,0.009,0,1200,,4.4,650,108,6039.8,5,8,,,,,,
AUS_005,65.9046,0.04,17.61,1.73,0.82,12.5,0.33,0.06,,0.79,0.013,0.022,0.1,0.019,0.032,0.0004,0.02,0.009,0,1200,,4.4,650,88,13443.1,8,11,,,,,,
AUS_005,65.9046,0.04,17.61,1.73,0.82,12.5,0.33,0.06,,0.79,0.013,0.022,0.1,0.019,0.032,0.0004,0.02,0.009,0,1200,,4.4,650,78,21994.5,7,14,,,,,,
AUS_005,65.9046,0.04,17.61,1.73,0.82,12.5,0.33,0.06,,0.79,0.013,0.022,0.1,0.019,0.032,0.0004,0.02,0.009,0,1200,,4.4,650,69,37310.3,9,10,,,,,,
AUS_005,65.9046,0.04,17.61,1.73,0.82,12.5,0.33,0.06,,0.79,0.013,0.022,0.1,0.019,0.032,0.0004,0.02,0.009,0,1200,,4.4,650,61,61085.3,13,9,,,,,,
AUS_005,65.9046,0.04,17.61,1.73,0.82,12.5,0.33,0.06,,0.79,0.013,0.022,0.1,0.019,0.032,0.0004,0.02,0.009,0,1200,,4.4,650,53,110278.1,12,9,,,,,,
AUS_005,65.9046,0.04,17.61,1.73,0.82,12.5,0.33,0.06,,0.79,0.013,0.022,0.1,0.019,0.032,0.0004,0.02,0.009,0,1200,,4.4,700,176,55.5,8,16,,,,,,
AUS_005,65.9046,0.04,17.61,1.73,0.82,12.5,0.33,0.06,,0.79,0.013,0.022,0.1,0.019,0.032,0.0004,0.02,0.009,0,1200,,4.4,700,137,277.9,7,9,,,,,,
AUS_005,65.9046,0.04,17.61,1.73,0.82,12.5,0.33,0.06,,0.79,0.013,0.022,0.1,0.019,0.032,0.0004,0.02,0.009,0,1200,,4.4,700,98,1435.7,12,18,,,,,,
AUS_005,65.9046,0.04,17.61,1.73,0.82,12.5,0.33,0.06,,0.79,0.013,0.022,0.1,0.019,0.032,0.0004,0.02,0.009,0,1200,,4.4,700,78,3563.8,17,25,,,,,,
AUS_005,65.9046,0.04,17.61,1.73,0.82,12.5,0.33,0.06,,0.79,0.013,0.022,0.1,0.019,0.032,0.0004,0.02,0.009,0,1200,,4.4,700,61,12780.9,12,14,,,,,,
AUS_005,65.9046,0.04,17.61,1.73,0.82,12.5,0.33,0.06,,0.79,0.013,0.022,0.1,0.019,0.032,0.0004,0.02,0.009,0,1200,,4.4,700,53,20450.2,10,10,,,,,,
AUS_005,65.9046,0.04,17.61,1.73,0.82,12.5,0.33,0.06,,0.79,0.013,0.022,0.1,0.019,0.032,0.0004,0.02,0.009,0,1200,,4.4,700,47,42025.4,10,10,,,,,,
AUS_005,65.9046,0.04,17.61,1.73,0.82,12.5,0.33,0.06,,0.79,0.013,0.022,0.1,0.019,0.032,0.0004,0.02,0.009,0,1200,,4.4,700,41,56589.1,8,8,,,,,,
AUS_005,65.9046,0.04,17.61,1.73,0.82,12.5,0.33,0.06,,0.79,0.013,0.022,0.1,0.019,0.032,0.0004,0.02,0.009,0,1200,,4.4,700,37,102761.2,12,6,,,,,,
AUS_005,65.9046,0.04,17.61,1.73,0.82,12.5,0.33,0.06,,0.79,0.013,0.022,0.1,0.019,0.032,0.0004,0.02,0.009,0,1200,,4.4,750,137,23.2,8,14,,,,,,
AUS_005,65.9046,0.04,17.61,1.73,0.82,12.5,0.33,0.06,,0.79,0.013,0.022,0.1,0.019,0.032,0.0004,0.02,0.009,0,1200,,4.4,750,98,166.4,10,14,,,,,,
AUS_005,65.9046,0.04,17.61,1.73,0.82,12.5,0.33,0.06,,0.79,0.013,0.022,0.1,0.019,0.032,0.0004,0.02,0.009,0,1200,,4.4,750,69,1115.7,14,20,,,,,,
AUS_005,65.9046,0.04,17.61,1.73,0.82,12.5,0.33,0.06,,0.79,0.013,0.022,0.1,0.019,0.032,0.0004,0.02,0.009,0,1200,,4.4,750,53,4061,11,12,,,,,,
AUS_005,65.9046,0.04,17.61,1.73,0.82,12.5,0.33,0.06,,0.79,0.013,0.022,0.1,0.019,0.032,0.0004,0.02,0.009,0,1200,,4.4,750,37,25014.3,10,8,,,,,,
AUS_006,66.6067,0.05,17.26,1.7,0.8,12.21,0.33,0.07,,0.77,0.012,0.019,0.09,0.018,0.032,0.0003,0.021,0.011,0,1200,,4,600,314,32.2,13,21,,,,,,
AUS_006,66.6067,0.05,17.26,1.7,0.8,12.21,0.33,0.07,,0.77,0.012,0.019,0.09,0.018,0.032,0.0003,0.021,0.011,0,1200,,4,600,265,532.8,10,18,,,,,,
AUS_006,66.6067,0.05,17.26,1.7,0.8,12.21,0.33,0.07,,0.77,0.012,0.019,0.09,0.018,0.032,0.0003,0.021,0.011,0,1200,,4,600,216,2188.4,8,11,,,,,,
AUS_006,66.6067,0.05,17.26,1.7,0.8,12.21,0.33,0.07,,0.77,0.012,0.019,0.09,0.018,0.032,0.0003,0.021,0.011,0,1200,,4,600,196,3597.4,6,11,,,,,,
AUS_006,66.6067,0.05,17.26,1.7,0.8,12.21,0.33,0.07,,0.77,0.012,0.019,0.09,0.018,0.032,0.0003,0.021,0.011,0,1200,,4,600,176,5304.3,6,12,,,,,,
AUS_006,66.6067,0.05,17.26,1.7,0.8,12.21,0.33,0.07,,0.77,0.012,0.019,0.09,0.018,0.032,0.0003,0.021,0.011,0,1200,,4,600,157,8741.2,5,9,,,,,,
AUS_006,66.6067,0.05,17.26,1.7,0.8,12.21,0.33,0.07,,0.77,0.012,0.019,0.09,0.018,0.032,0.0003,0.021,0.011,0,1200,,4,600,137,12721.9,5,7,,,,,,
AUS_006,66.6067,0.05,17.26,1.7,0.8,12.21,0.33,0.07,,0.77,0.012,0.019,0.09,0.018,0.032,0.0003,0.021,0.011,0,1200,,4,600,118,25568.4,5,5,,,,,,
AUS_006,66.6067,0.05,17.26,1.7,0.8,12.21,0.33,0.07,,0.77,0.012,0.019,0.09,0.018,0.032,0.0003,0.021,0.011,0,1200,,4,600,108,33706,4,4,,,,,,
AUS_006,66.6067,0.05,17.26,1.7,0.8,12.21,0.33,0.07,,0.77,0.012,0.019,0.09,0.018,0.032,0.0003,0.021,0.011,0,1200,,4,600,78,177450.5,4,5,,,,,,
AUS_006,66.6067,0.05,17.26,1.7,0.8,12.21,0.33,0.07,,0.77,0.012,0.019,0.09,0.018,0.032,0.0003,0.021,0.011,0,1200,,4,650,265,26.3,12,18,,,,,,
AUS_006,66.6067,0.05,17.26,1.7,0.8,12.21,0.33,0.07,,0.77,0.012,0.019,0.09,0.018,0.032,0.0003,0.021,0.011,0,1200,,4,650,216,189.6,10,16,,,,,,
AUS_006,66.6067,0.05,17.26,1.7,0.8,12.21,0.33,0.07,,0.77,0.012,0.019,0.09,0.018,0.032,0.0003,0.021,0.011,0,1200,,4,650,176,572.1,7,12,,,,,,
AUS_006,66.6067,0.05,17.26,1.7,0.8,12.21,0.33,0.07,,0.77,0.012,0.019,0.09,0.018,0.032,0.0003,0.021,0.011,0,1200,,4,650,137,2109.9,4,8,,,,,,
AUS_006,66.6067,0.05,17.26,1.7,0.8,12.21,0.33,0.07,,0.77,0.012,0.019,0.09,0.018,0.032,0.0003,0.021,0.011,0,1200,,4,650,108,6750,6,8,,,,,,
AUS_006,66.6067,0.05,17.26,1.7,0.8,12.21,0.33,0.07,,0.77,0.012,0.019,0.09,0.018,0.032,0.0003,0.021,0.011,0,1200,,4,650,88,14423.5,8,11,,,,,,
AUS_006,66.6067,0.05,17.26,1.7,0.8,12.21,0.33,0.07,,0.77,0.012,0.019,0.09,0.018,0.032,0.0003,0.021,0.011,0,1200,,4,650,78,26011.4,8,14,,,,,,
AUS_006,66.6067,0.05,17.26,1.7,0.8,12.21,0.33,0.07,,0.77,0.012,0.019,0.09,0.018,0.032,0.0003,0.021,0.011,0,1200,,4,650,69,49152.4,9,10,,,,,,
AUS_006,66.6067,0.05,17.26,1.7,0.8,12.21,0.33,0.07,,0.77,0.012,0.019,0.09,0.018,0.032,0.0003,0.021,0.011,0,1200,,4,650,61,72307.8,9,9,,,,,,
AUS_006,66.6067,0.05,17.26,1.7,0.8,12.21,0.33,0.07,,0.77,0.012,0.019,0.09,0.018,0.032,0.0003,0.021,0.011,0,1200,,4,650,53,129036,4,9,,,,,,
AUS_006,66.6067,0.05,17.26,1.7,0.8,12.21,0.33,0.07,,0.77,0.012,0.019,0.09,0.018,0.032,0.0003,0.021,0.011,0,1200,,4,700,176,61.8,8,18,,,,,,
AUS_006,66.6067,0.05,17.26,1.7,0.8,12.21,0.33,0.07,,0.77,0.012,0.019,0.09,0.018,0.032,0.0003,0.021,0.011,0,1200,,4,700,137,320,5,7,,,,,,
AUS_006,66.6067,0.05,17.26,1.7,0.8,12.21,0.33,0.07,,0.77,0.012,0.019,0.09,0.018,0.032,0.0003,0.021,0.011,0,1200,,4,700,98,1507.9,12,15,,,,,,
AUS_006,66.6067,0.05,17.26,1.7,0.8,12.21,0.33,0.07,,0.77,0.012,0.019,0.09,0.018,0.032,0.0003,0.021,0.011,0,1200,,4,700,78,4079,12,17,,,,,,
AUS_006,66.6067,0.05,17.26,1.7,0.8,12.21,0.33,0.07,,0.77,0.012,0.019,0.09,0.018,0.032,0.0003,0.021,0.011,0,1200,,4,700,61,15251.2,8,15,,,,,,
AUS_006,66.6067,0.05,17.26,1.7,0.8,12.21,0.33,0.07,,0.77,0.012,0.019,0.09,0.018,0.032,0.0003,0.021,0.011,0,1200,,4,700,53,29160,7,12,,,,,,
AUS_006,66.6067,0.05,17.26,1.7,0.8,12.21,0.33,0.07,,0.77,0.012,0.019,0.09,0.018,0.032,0.0003,0.021,0.011,0,1200,,4,700,47,47090.1,8,6,,,,,,
AUS_006,66.6067,0.05,17.26,1.7,0.8,12.21,0.33,0.07,,0.77,0.012,0.019,0.09,0.018,0.032,0.0003,0.021,0.011,0,1200,,4,700,41,77862.4,6,5,,,,,,
AUS_006,66.6067,0.05,17.26,1.7,0.8,12.21,0.33,0.07,,0.77,0.012,0.019,0.09,0.018,0.032,0.0003,0.021,0.011,0,1200,,4,700,37,114733.1,5,2,,,,,,
AUS_006,66.6067,0.05,17.26,1.7,0.8,12.21,0.33,0.07,,0.77,0.012,0.019,0.09,0.018,0.032,0.0003,0.021,0.011,0,1200,,4,750,137,24.8,8,17,,,,,,
AUS_006,66.6067,0.05,17.26,1.7,0.8,12.21,0.33,0.07,,0.77,0.012,0.019,0.09,0.018,0.032,0.0003,0.021,0.011,0,1200,,4,750,98,176,15,19,,,,,,
AUS_006,66.6067,0.05,17.26,1.7,0.8,12.21,0.33,0.07,,0.77,0.012,0.019,0.09,0.018,0.032,0.0003,0.021,0.011,0,1200,,4,750,69,1206.1,14,19,,,,,,
AUS_006,66.6067,0.05,17.26,1.7,0.8,12.21,0.33,0.07,,0.77,0.012,0.019,0.09,0.018,0.032,0.0003,0.021,0.011,0,1200,,4,750,53,4010.4,12,16,,,,,,
AUS_006,66.6067,0.05,17.26,1.7,0.8,12.21,0.33,0.07,,0.77,0.012,0.019,0.09,0.018,0.032,0.0003,0.021,0.011,0,1200,,4,750,37,30624.7,8,6,,,,,,
AUS_007,65.5546,0.05,17.89,1.74,0.77,12.55,0.37,0.11,,0.77,0.004,0.025,0.09,0.02,0.033,0.0004,0.016,0.007,0,1200,,3.1,600,314,22.2,16,23,,,,,,
AUS_007,65.5546,0.05,17.89,1.74,0.77,12.55,0.37,0.11,,0.77,0.004,0.025,0.09,0.02,0.033,0.0004,0.016,0.007,0,1200,,3.1,600,265,128.3,12,27,,,,,,
AUS_007,65.5546,0.05,17.89,1.74,0.77,12.55,0.37,0.11,,0.77,0.004,0.025,0.09,0.02,0.033,0.0004,0.016,0.007,0,1200,,3.1,600,216,2374.8,6,8,,,,,,
AUS_007,65.5546,0.05,17.89,1.74,0.77,12.55,0.37,0.11,,0.77,0.004,0.025,0.09,0.02,0.033,0.0004,0.016,0.007,0,1200,,3.1,600,196,4798.9,7,11,,,,,,
AUS_007,65.5546,0.05,17.89,1.74,0.77,12.55,0.37,0.11,,0.77,0.004,0.025,0.09,0.02,0.033,0.0004,0.016,0.007,0,1200,,3.1,600,176,7206.4,5,11,,,,,,
AUS_007,65.5546,0.05,17.89,1.74,0.77,12.55,0.37,0.11,,0.77,0.004,0.025,0.09,0.02,0.033,0.0004,0.016,0.007,0,1200,,3.1,600,157,9648.8,3,4,,,,,,
AUS_007,65.5546,0.05,17.89,1.74,0.77,12.55,0.37,0.11,,0.77,0.004,0.025,0.09,0.02,0.033,0.0004,0.016,0.007,0,1200,,3.1,600,137,14744.4,3,8,,,,,,
AUS_007,65.5546,0.05,17.89,1.74,0.77,12.55,0.37,0.11,,0.77,0.004,0.025,0.09,0.02,0.033,0.0004,0.016,0.007,0,1200,,3.1,600,118,23114.4,3,4,,,,,,
AUS_007,65.5546,0.05,17.89,1.74,0.77,12.55,0.37,0.11,,0.77,0.004,0.025,0.09,0.02,0.033,0.0004,0.016,0.007,0,1200,,3.1,600,108,30911,2,2,,,,,,
AUS_007,65.5546,0.05,17.89,1.74,0.77,12.55,0.37,0.11,,0.77,0.004,0.025,0.09,0.02,0.033,0.0004,0.016,0.007,0,1200,,3.1,600,78,121112.9,3,1,,,,,,
AUS_007,65.5546,0.05,17.89,1.74,0.77,12.55,0.37,0.11,,0.77,0.004,0.025,0.09,0.02,0.033,0.0004,0.016,0.007,0,1200,,3.1,650,265,19.3,12,18,,,,,,
AUS_007,65.5546,0.05,17.89,1.74,0.77,12.55,0.37,0.11,,0.77,0.004,0.025,0.09,0.02,0.033,0.0004,0.016,0.007,0,1200,,3.1,650,216,185.7,9,15,,,,,,
AUS_007,65.5546,0.05,17.89,1.74,0.77,12.55,0.37,0.11,,0.77,0.004,0.025,0.09,0.02,0.033,0.0004,0.016,0.007,0,1200,,3.1,650,176,670.6,5,9,,,,,,
AUS_007,65.5546,0.05,17.89,1.74,0.77,12.55,0.37,0.11,,0.77,0.004,0.025,0.09,0.02,0.033,0.0004,0.016,0.007,0,1200,,3.1,650,137,1809.5,2,3,,,,,,
AUS_007,65.5546,0.05,17.89,1.74,0.77,12.55,0.37,0.11,,0.77,0.004,0.025,0.09,0.02,0.033,0.0004,0.016,0.007,0,1200,,3.1,650,108,4146.5,2,5,,,,,,
AUS_007,65.5546,0.05,17.89,1.74,0.77,12.55,0.37,0.11,,0.77,0.004,0.025,0.09,0.02,0.033,0.0004,0.016,0.007,0,1200,,3.1,650,88,11236.6,3,3,,,,,,
AUS_007,65.5546,0.05,17.89,1.74,0.77,12.55,0.37,0.11,,0.77,0.004,0.025,0.09,0.02,0.033,0.0004,0.016,0.007,0,1200,,3.1,650,78,17191.4,3,1,,,,,,
AUS_007,65.5546,0.05,17.89,1.74,0.77,12.55,0.37,0.11,,0.77,0.004,0.025,0.09,0.02,0.033,0.0004,0.016,0.007,0,1200,,3.1,650,69,38626,4,5,,,,,,
AUS_007,65.5546,0.05,17.89,1.74,0.77,12.55,0.37,0.11,,0.77,0.004,0.025,0.09,0.02,0.033,0.0004,0.016,0.007,0,1200,,3.1,650,61,71413.4,4,2,,,,,,
AUS_007,65.5546,0.05,17.89,1.74,0.77,12.55,0.37,0.11,,0.77,0.004,0.025,0.09,0.02,0.033,0.0004,0.016,0.007,0,1200,,3.1,650,53,129417.5,4,2,,,,,,
AUS_007,65.5546,0.05,17.89,1.74,0.77,12.55,0.37,0.11,,0.77,0.004,0.025,0.09,0.02,0.033,0.0004,0.016,0.007,0,1200,,3.1,700,176,64.4,6,15,,,,,,
AUS_007,65.5546,0.05,17.89,1.74,0.77,12.55,0.37,0.11,,0.77,0.004,0.025,0.09,0.02,0.033,0.0004,0.016,0.007,0,1200,,3.1,700,137,315.8,5,12,,,,,,
AUS_007,65.5546,0.05,17.89,1.74,0.77,12.55,0.37,0.11,,0.77,0.004,0.025,0.09,0.02,0.033,0.0004,0.016,0.007,0,1200,,3.1,700,98,1278.7,3,6,,,,,,
AUS_007,65.5546,0.05,17.89,1.74,0.77,12.55,0.37,0.11,,0.77,0.004,0.025,0.09,0.02,0.033,0.0004,0.016,0.007,0,1200,,3.1,700,78,3501.9,7,6,,,,,,
AUS_007,65.5546,0.05,17.89,1.74,0.77,12.55,0.37,0.11,,0.77,0.004,0.025,0.09,0.02,0.033,0.0004,0.016,0.007,0,1200,,3.1,700,61,12119.4,7,8,,,,,,
AUS_007,65.5546,0.05,17.89,1.74,0.77,12.55,0.37,0.11,,0.77,0.004,0.025,0.09,0.02,0.033,0.0004,0.016,0.007,0,1200,,3.1,700,53,27471.8,5,5,,,,,,
AUS_007,65.5546,0.05,17.89,1.74,0.77,12.55,0.37,0.11,,0.77,0.004,0.025,0.09,0.02,0.033,0.0004,0.016,0.007,0,1200,,3.1,700,47,43367.3,4,4,,,,,,
AUS_007,65.5546,0.05,17.89,1.74,0.77,12.55,0.37,0.11,,0.77,0.004,0.025,0.09,0.02,0.033,0.0004,0.016,0.007,0,1200,,3.1,700,41,80602.1,6,3,,,,,,
AUS_007,65.5546,0.05,17.89,1.74,0.77,12.55,0.37,0.11,,0.77,0.004,0.025,0.09,0.02,0.033,0.0004,0.016,0.007,0,1200,,3.1,700,37,119496.4,6,5,,,,,,
AUS_007,65.5546,0.05,17.89,1.74,0.77,12.55,0.37,0.11,,0.77,0.004,0.025,0.09,0.02,0.033,0.0004,0.016,0.007,0,1200,,3.1,750,137,26.8,5,10,,,,,,
AUS_007,65.5546,0.05,17.89,1.74,0.77,12.55,0.37,0.11,,0.77,0.004,0.025,0.09,0.02,0.033,0.0004,0.016,0.007,0,1200,,3.1,750,98,149.5,4,8,,,,,,
AUS_007,65.5546,0.05,17.89,1.74,0.77,12.55,0.37,0.11,,0.77,0.004,0.025,0.09,0.02,0.033,0.0004,0.016,0.007,0,1200,,3.1,750,69,570.8,7,7,,,,,,
AUS_007,65.5546,0.05,17.89,1.74,0.77,12.55,0.37,0.11,,0.77,0.004,0.025,0.09,0.02,0.033,0.0004,0.016,0.007,0,1200,,3.1,750,53,3768.7,4,3,,,,,,
AUS_007,65.5546,0.05,17.89,1.74,0.77,12.55,0.37,0.11,,0.77,0.004,0.025,0.09,0.02,0.033,0.0004,0.016,0.007,0,1200,,3.1,750,37,23306.5,8,4,,,,,,
AUS_008,66.1161,0.053,17.56,1.81,0.63,12.24,0.3,0.15,,0.87,0.008,0.027,0.14,0.019,0.041,0.0027,0.0222,0.011,0,1130,,5.2,600,314,363.6,16,36,,,,,,
AUS_008,66.1161,0.053,17.56,1.81,0.63,12.24,0.3,0.15,,0.87,0.008,0.027,0.14,0.019,0.041,0.0027,0.0222,0.011,0,1130,,5.2,600,265,1889.5,12,25,,,,,,
AUS_008,66.1161,0.053,17.56,1.81,0.63,12.24,0.3,0.15,,0.87,0.008,0.027,0.14,0.019,0.041,0.0027,0.0222,0.011,0,1130,,5.2,600,216,4723,6,11,,,,,,
AUS_008,66.1161,0.053,17.56,1.81,0.63,12.24,0.3,0.15,,0.87,0.008,0.027,0.14,0.019,0.041,0.0027,0.0222,0.011,0,1130,,5.2,600,196,7460.4,5,11,,,,,,
AUS_008,66.1161,0.053,17.56,1.81,0.63,12.24,0.3,0.15,,0.87,0.008,0.027,0.14,0.019,0.041,0.0027,0.0222,0.011,0,1130,,5.2,600,176,10880.5,4,13,,,,,,
AUS_008,66.1161,0.053,17.56,1.81,0.63,12.24,0.3,0.15,,0.87,0.008,0.027,0.14,0.019,0.041,0.0027,0.0222,0.011,0,1130,,5.2,600,157,15652.1,3,9,,,,,,
AUS_008,66.1161,0.053,17.56,1.81,0.63,12.24,0.3,0.15,,0.87,0.008,0.027,0.14,0.019,0.041,0.0027,0.0222,0.011,0,1130,,5.2,600,137,23376.3,4,6,,,,,,
AUS_008,66.1161,0.053,17.56,1.81,0.63,12.24,0.3,0.15,,0.87,0.008,0.027,0.14,0.019,0.041,0.0027,0.0222,0.011,0,1130,,5.2,600,118,46565,4,4,,,,,,
AUS_008,66.1161,0.053,17.56,1.81,0.63,12.24,0.3,0.15,,0.87,0.008,0.027,0.14,0.019,0.041,0.0027,0.0222,0.011,0,1130,,5.2,600,108,73624,3,4,,,,,,
AUS_008,66.1161,0.053,17.56,1.81,0.63,12.24,0.3,0.15,,0.87,0.008,0.027,0.14,0.019,0.041,0.0027,0.0222,0.011,0,1130,,5.2,650,265,104.5,26,43,,,,,,
AUS_008,66.1161,0.053,17.56,1.81,0.63,12.24,0.3,0.15,,0.87,0.008,0.027,0.14,0.019,0.041,0.0027,0.0222,0.011,0,1130,,5.2,650,216,477.8,10,18,,,,,,
AUS_008,66.1161,0.053,17.56,1.81,0.63,12.24,0.3,0.15,,0.87,0.008,0.027,0.14,0.019,0.041,0.0027,0.0222,0.011,0,1130,,5.2,650,176,1587,5,8,,,,,,
AUS_008,66.1161,0.053,17.56,1.81,0.63,12.24,0.3,0.15,,0.87,0.008,0.027,0.14,0.019,0.041,0.0027,0.0222,0.011,0,1130,,5.2,650,137,5643,6,7,,,,,,
AUS_008,66.1161,0.053,17.56,1.81,0.63,12.24,0.3,0.15,,0.87,0.008,0.027,0.14,0.019,0.041,0.0027,0.0222,0.011,0,1130,,5.2,650,108,46400.6,7,10,,,,,,
AUS_008,66.1161,0.053,17.56,1.81,0.63,12.24,0.3,0.15,,0.87,0.008,0.027,0.14,0.019,0.041,0.0027,0.0222,0.011,0,1130,,5.2,650,88,95114.3,11,15,,,,,,
AUS_008,66.1161,0.053,17.56,1.81,0.63,12.24,0.3,0.15,,0.87,0.008,0.027,0.14,0.019,0.041,0.0027,0.0222,0.011,0,1130,,5.2,700,176,425.1,6,15,,,,,,
AUS_008,66.1161,0.053,17.56,1.81,0.63,12.24,0.3,0.15,,0.87,0.008,0.027,0.14,0.019,0.041,0.0027,0.0222,0.011,0,1130,,5.2,700,137,2476.3,7,13,,,,,,
AUS_008,66.1161,0.053,17.56,1.81,0.63,12.24,0.3,0.15,,0.87,0.008,0.027,0.14,0.019,0.041,0.0027,0.0222,0.011,0,1130,,5.2,700,98,11633.2,12,34,,,,,,
AUS_008,66.1161,0.053,17.56,1.81,0.63,12.24,0.3,0.15,,0.87,0.008,0.027,0.14,0.019,0.041,0.0027,0.0222,0.011,0,1130,,5.2,700,78,23822.8,22,29,,,,,,
AUS_008,66.1161,0.053,17.56,1.81,0.63,12.24,0.3,0.15,,0.87,0.008,0.027,0.14,0.019,0.041,0.0027,0.0222,0.011,0,1130,,5.2,700,61,105884.1,16,14,,,,,,
AUS_008,66.1161,0.053,17.56,1.81,0.63,12.24,0.3,0.15,,0.87,0.008,0.027,0.14,0.019,0.041,0.0027,0.0222,0.011,0,1130,,5.2,750,137,340.8,21,40,,,,,,
AUS_008,66.1161,0.053,17.56,1.81,0.63,12.24,0.3,0.15,,0.87,0.008,0.027,0.14,0.019,0.041,0.0027,0.0222,0.011,0,1130,,5.2,750,98,1198.8,25,47,,,,,,
AUS_008,66.1161,0.053,17.56,1.81,0.63,12.24,0.3,0.15,,0.87,0.008,0.027,0.14,0.019,0.041,0.0027,0.0222,0.011,0,1130,,5.2,750,69,5610.8,29,38,,,,,,
AUS_008,66.1161,0.053,17.56,1.81,0.63,12.24,0.3,0.15,,0.87,0.008,0.027,0.14,0.019,0.041,0.0027,0.0222,0.011,0,1130,,5.2,750,53,26412.6,14,19,,,,,,
AUS_008,66.1161,0.053,17.56,1.81,0.63,12.24,0.3,0.15,,0.87,0.008,0.027,0.14,0.019,0.041,0.0027,0.0222,0.011,0,1130,,5.2,750,37,114967.2,9,9,,,,,,
AUS_009,66.1141,0.065,18.05,1.76,0.49,12.13,0.22,0.06,,0.88,0.007,0.019,0.08,0.036,0.036,0.0018,0.0241,0.027,0,1130,,4.8,600,314,127.5,13,20,,,,,,
AUS_009,66.1141,0.065,18.05,1.76,0.49,12.13,0.22,0.06,,0.88,0.007,0.019,0.08,0.036,0.036,0.0018,0.0241,0.027,0,1130,,4.8,600,265,635.2,10,23,,,,,,
AUS_009,66.1141,0.065,18.05,1.76,0.49,12.13,0.22,0.06,,0.88,0.007,0.019,0.08,0.036,0.036,0.0018,0.0241,0.027,0,1130,,4.8,600,216,4244.4,8,19,,,,,,
AUS_009,66.1141,0.065,18.05,1.76,0.49,12.13,0.22,0.06,,0.88,0.007,0.019,0.08,0.036,0.036,0.0018,0.0241,0.027,0,1130,,4.8,600,196,6743.2,7,14,,,,,,
AUS_009,66.1141,0.065,18.05,1.76,0.49,12.13,0.22,0.06,,0.88,0.007,0.019,0.08,0.036,0.036,0.0018,0.0241,0.027,0,1130,,4.8,600,176,10219.4,6,17,,,,,,
AUS_009,66.1141,0.065,18.05,1.76,0.49,12.13,0.22,0.06,,0.88,0.007,0.019,0.08,0.036,0.036,0.0018,0.0241,0.027,0,1130,,4.8,600,157,17813.2,5,7,,,,,,
AUS_009,66.1141,0.065,18.05,1.76,0.49,12.13,0.22,0.06,,0.88,0.007,0.019,0.08,0.036,0.036,0.0018,0.0241,0.027,0,1130,,4.8,600,137,26591,4,8,,,,,,
AUS_009,66.1141,0.065,18.05,1.76,0.49,12.13,0.22,0.06,,0.88,0.007,0.019,0.08,0.036,0.036,0.0018,0.0241,0.027,0,1130,,4.8,600,118,51151.4,3,6,,,,,,
AUS_009,66.1141,0.065,18.05,1.76,0.49,12.13,0.22,0.06,,0.88,0.007,0.019,0.08,0.036,0.036,0.0018,0.0241,0.027,0,1130,,4.8,600,108,119007.4,5,5,,,,,,
AUS_009,66.1141,0.065,18.05,1.76,0.49,12.13,0.22,0.06,,0.88,0.007,0.019,0.08,0.036,0.036,0.0018,0.0241,0.027,0,1130,,4.8,650,265,45.5,13,19,,,,,,
AUS_009,66.1141,0.065,18.05,1.76,0.49,12.13,0.22,0.06,,0.88,0.007,0.019,0.08,0.036,0.036,0.0018,0.0241,0.027,0,1130,,4.8,650,216,387.5,9,16,,,,,,
AUS_009,66.1141,0.065,18.05,1.76,0.49,12.13,0.22,0.06,,0.88,0.007,0.019,0.08,0.036,0.036,0.0018,0.0241,0.027,0,1130,,4.8,650,176,1465.8,8,15,,,,,,
AUS_009,66.1141,0.065,18.05,1.76,0.49,12.13,0.22,0.06,,0.88,0.007,0.019,0.08,0.036,0.036,0.0018,0.0241,0.027,0,1130,,4.8,650,137,14475,9,19,,,,,,
AUS_009,66.1141,0.065,18.05,1.76,0.49,12.13,0.22,0.06,,0.88,0.007,0.019,0.08,0.036,0.036,0.0018,0.0241,0.027,0,1130,,4.8,650,108,47577.6,16,25,,,,,,
AUS_009,66.1141,0.065,18.05,1.76,0.49,12.13,0.22,0.06,,0.88,0.007,0.019,0.08,0.036,0.036,0.0018,0.0241,0.027,0,1130,,4.8,650,88,100287.6,13,23,,,,,,
AUS_009,66.1141,0.065,18.05,1.76,0.49,12.13,0.22,0.06,,0.88,0.007,0.019,0.08,0.036,0.036,0.0018,0.0241,0.027,0,1130,,4.8,650,78,131866.4,9,19,,,,,,
AUS_009,66.1141,0.065,18.05,1.76,0.49,12.13,0.22,0.06,,0.88,0.007,0.019,0.08,0.036,0.036,0.0018,0.0241,0.027,0,1130,,4.8,700,216,15,19,31,,,,,,
AUS_009,66.1141,0.065,18.05,1.76,0.49,12.13,0.22,0.06,,0.88,0.007,0.019,0.08,0.036,0.036,0.0018,0.0241,0.027,0,1130,,4.8,700,176,314.3,11,23,,,,,,
AUS_009,66.1141,0.065,18.05,1.76,0.49,12.13,0.22,0.06,,0.88,0.007,0.019,0.08,0.036,0.036,0.0018,0.0241,0.027,0,1130,,4.8,700,137,2230.4,16,34,,,,,,
AUS_009,66.1141,0.065,18.05,1.76,0.49,12.13,0.22,0.06,,0.88,0.007,0.019,0.08,0.036,0.036,0.0018,0.0241,0.027,0,1130,,4.8,700,98,7261.6,22,35,,,,,,
AUS_009,66.1141,0.065,18.05,1.76,0.49,12.13,0.22,0.06,,0.88,0.007,0.019,0.08,0.036,0.036,0.0018,0.0241,0.027,0,1130,,4.8,700,78,18590,15,27,,,,,,
AUS_009,66.1141,0.065,18.05,1.76,0.49,12.13,0.22,0.06,,0.88,0.007,0.019,0.08,0.036,0.036,0.0018,0.0241,0.027,0,1130,,4.8,700,61,54946,8,15,,,,,,
AUS_009,66.1141,0.065,18.05,1.76,0.49,12.13,0.22,0.06,,0.88,0.007,0.019,0.08,0.036,0.036,0.0018,0.0241,0.027,0,1130,,4.8,700,53,105104,11,10,,,,,,
AUS_009,66.1141,0.065,18.05,1.76,0.49,12.13,0.22,0.06,,0.88,0.007,0.019,0.08,0.036,0.036,0.0018,0.0241,0.027,0,1130,,4.8,700,47,96998.5,4,4,,,,,,
AUS_009,66.1141,0.065,18.05,1.76,0.49,12.13,0.22,0.06,,0.88,0.007,0.019,0.08,0.036,0.036,0.0018,0.0241,0.027,0,1130,,4.8,750,157,76,30,45,,,,,,
AUS_009,66.1141,0.065,18.05,1.76,0.49,12.13,0.22,0.06,,0.88,0.007,0.019,0.08,0.036,0.036,0.0018,0.0241,0.027,0,1130,,4.8,750,137,162.6,25,39,,,,,,
AUS_009,66.1141,0.065,18.05,1.76,0.49,12.13,0.22,0.06,,0.88,0.007,0.019,0.08,0.036,0.036,0.0018,0.0241,0.027,0,1130,,4.8,750,118,350.8,35,44,,,,,,
AUS_009,66.1141,0.065,18.05,1.76,0.49,12.13,0.22,0.06,,0.88,0.007,0.019,0.08,0.036,0.036,0.0018,0.0241,0.027,0,1130,,4.8,750,98,636,27,61,,,,,,
AUS_009,66.1141,0.065,18.05,1.76,0.49,12.13,0.22,0.06,,0.88,0.007,0.019,0.08,0.036,0.036,0.0018,0.0241,0.027,0,1130,,4.8,750,98,606.8,30,51,,,,,,
AUS_009,66.1141,0.065,18.05,1.76,0.49,12.13,0.22,0.06,,0.88,0.007,0.019,0.08,0.036,0.036,0.0018,0.0241,0.027,0,1130,,4.8,750,69,3907.2,19,28,,,,,,
AUS_009,66.1141,0.065,18.05,1.76,0.49,12.13,0.22,0.06,,0.88,0.007,0.019,0.08,0.036,0.036,0.0018,0.0241,0.027,0,1130,,4.8,750,53,14318.9,9,17,,,,,,
AUS_009,66.1141,0.065,18.05,1.76,0.49,12.13,0.22,0.06,,0.88,0.007,0.019,0.08,0.036,0.036,0.0018,0.0241,0.027,0,1130,,4.8,750,37,45855.1,8,5,,,,,,
AUS_010,65.9177,0.06,17.7,1.82,0.54,12.38,0.28,0.19,,0.87,0.007,0.028,0.11,0.019,0.042,0.002,0.0223,0.012,0,1130,,5.2,600,314,463.8,16,32,,,,,,
AUS_010,65.9177,0.06,17.7,1.82,0.54,12.38,0.28,0.19,,0.87,0.007,0.028,0.11,0.019,0.042,0.002,0.0223,0.012,0,1130,,5.2,600,265,2117,11,24,,,,,,
AUS_010,65.9177,0.06,17.7,1.82,0.54,12.38,0.28,0.19,,0.87,0.007,0.028,0.11,0.019,0.042,0.002,0.0223,0.012,0,1130,,5.2,600,216,6336.8,6,12,,,,,,
AUS_010,65.9177,0.06,17.7,1.82,0.54,12.38,0.28,0.19,,0.87,0.007,0.028,0.11,0.019,0.042,0.002,0.0223,0.012,0,1130,,5.2,600,196,10372.9,5,12,,,,,,
AUS_010,65.9177,0.06,17.7,1.82,0.54,12.38,0.28,0.19,,0.87,0.007,0.028,0.11,0.019,0.042,0.002,0.0223,0.012,0,1130,,5.2,600,176,14936.3,4,7,,,,,,
AUS_010,65.9177,0.06,17.7,1.82,0.54,12.38,0.28,0.19,,0.87,0.007,0.028,0.11,0.019,0.042,0.002,0.0223,0.012,0,1130,,5.2,600,157,23478.4,4,10,,,,,,
AUS_010,65.9177,0.06,17.7,1.82,0.54,12.38,0.28,0.19,,0.87,0.007,0.028,0.11,0.019,0.042,0.002,0.0223,0.012,0,1130,,5.2,600,137,45542.6,3,8,,,,,,
AUS_010,65.9177,0.06,17.7,1.82,0.54,12.38,0.28,0.19,,0.87,0.007,0.028,0.11,0.019,0.042,0.002,0.0223,0.012,0,1130,,5.2,600,118,130538.2,4,6,,,,,,
AUS_010,65.9177,0.06,17.7,1.82,0.54,12.38,0.28,0.19,,0.87,0.007,0.028,0.11,0.019,0.042,0.002,0.0223,0.012,0,1130,,5.2,650,265,96.9,23,41,,,,,,
AUS_010,65.9177,0.06,17.7,1.82,0.54,12.38,0.28,0.19,,0.87,0.007,0.028,0.11,0.019,0.042,0.002,0.0223,0.012,0,1130,,5.2,650,216,690.2,9,17,,,,,,
AUS_010,65.9177,0.06,17.7,1.82,0.54,12.38,0.28,0.19,,0.87,0.007,0.028,0.11,0.019,0.042,0.002,0.0223,0.012,0,1130,,5.2,650,176,2492.8,6,17,,,,,,
AUS_010,65.9177,0.06,17.7,1.82,0.54,12.38,0.28,0.19,,0.87,0.007,0.028,0.11,0.019,0.042,0.002,0.0223,0.012,0,1130,,5.2,650,137,20634.6,6,15,,,,,,
AUS_010,65.9177,0.06,17.7,1.82,0.54,12.38,0.28,0.19,,0.87,0.007,0.028,0.11,0.019,0.042,0.002,0.0223,0.012,0,1130,,5.2,650,108,72182.8,21,31,,,,,,
AUS_010,65.9177,0.06,17.7,1.82,0.54,12.38,0.28,0.19,,0.87,0.007,0.028,0.11,0.019,0.042,0.002,0.0223,0.012,0,1130,,5.2,650,88,145069.5,19,25,,,,,,
AUS_010,65.9177,0.06,17.7,1.82,0.54,12.38,0.28,0.19,,0.87,0.007,0.028,0.11,0.019,0.042,0.002,0.0223,0.012,0,1130,,5.2,650,78,185943.7,13,21,,,,,,
AUS_010,65.9177,0.06,17.7,1.82,0.54,12.38,0.28,0.19,,0.87,0.007,0.028,0.11,0.019,0.042,0.002,0.0223,0.012,0,1130,,5.2,700,216,91.3,18,34,,,,,,
AUS_010,65.9177,0.06,17.7,1.82,0.54,12.38,0.28,0.19,,0.87,0.007,0.028,0.11,0.019,0.042,0.002,0.0223,0.012,0,1130,,5.2,700,176,913.7,16,30,,,,,,
AUS_010,65.9177,0.06,17.7,1.82,0.54,12.38,0.28,0.19,,0.87,0.007,0.028,0.11,0.019,0.042,0.002,0.0223,0.012,0,1130,,5.2,700,137,4584.4,19,54,,,,,,
AUS_010,65.9177,0.06,17.7,1.82,0.54,12.38,0.28,0.19,,0.87,0.007,0.028,0.11,0.019,0.042,0.002,0.0223,0.012,0,1130,,5.2,700,98,12701.5,37,63,,,,,,
AUS_010,65.9177,0.06,17.7,1.82,0.54,12.38,0.28,0.19,,0.87,0.007,0.028,0.11,0.019,0.042,0.002,0.0223,0.012,0,1130,,5.2,700,78,29455.4,21,42,,,,,,
AUS_010,65.9177,0.06,17.7,1.82,0.54,12.38,0.28,0.19,,0.87,0.007,0.028,0.11,0.019,0.042,0.002,0.0223,0.012,0,1130,,5.2,700,61,117966.5,19,20,,,,,,
AUS_010,65.9177,0.06,17.7,1.82,0.54,12.38,0.28,0.19,,0.87,0.007,0.028,0.11,0.019,0.042,0.002,0.0223,0.012,0,1130,,5.2,750,157,224.3,28,53,,,,,,
AUS_010,65.9177,0.06,17.7,1.82,0.54,12.38,0.28,0.19,,0.87,0.007,0.028,0.11,0.019,0.042,0.002,0.0223,0.012,0,1130,,5.2,750,137,461.9,27,69,,,,,,
AUS_010,65.9177,0.06,17.7,1.82,0.54,12.38,0.28,0.19,,0.87,0.007,0.028,0.11,0.019,0.042,0.002,0.0223,0.012,0,1130,,5.2,750,118,739.7,35,72,,,,,,
AUS_010,65.9177,0.06,17.7,1.82,0.54,12.38,0.28,0.19,,0.87,0.007,0.028,0.11,0.019,0.042,0.002,0.0223,0.012,0,1130,,5.2,750,98,1333.5,44,68,,,,,,
AUS_010,65.9177,0.06,17.7,1.82,0.54,12.38,0.28,0.19,,0.87,0.007,0.028,0.11,0.019,0.042,0.002,0.0223,0.012,0,1130,,5.2,750,98,1206.2,28,70,,,,,,
AUS_010,65.9177,0.06,17.7,1.82,0.54,12.38,0.28,0.19,,0.87,0.007,0.028,0.11,0.019,0.042,0.002,0.0223,0.012,0,1130,,5.2,750,69,5374,28,43,,,,,,
AUS_010,65.9177,0.06,17.7,1.82,0.54,12.38,0.28,0.19,,0.87,0.007,0.028,0.11,0.019,0.042,0.002,0.0223,0.012,0,1130,,5.2,750,53,22791.8,17,23,,,,,,
AUS_010,65.9177,0.06,17.7,1.82,0.54,12.38,0.28,0.19,,0.87,0.007,0.028,0.11,0.019,0.042,0.002,0.0223,0.012,0,1130,,5.2,750,37,97448.4,7,13,,,,,,
AUS_011,9.26,0.06,15.98,0.43,0.32,72.4579,0.1,0.32,,0.47,0.3,0.002,0.02,0.24,,0.0001,0.02,0.02,0,960,,7.4,600,300,39.1,94,58,,,,,,
AUS_011,9.26,0.06,15.98,0.43,0.32,72.4579,0.1,0.32,,0.47,0.3,0.002,0.02,0.24,,0.0001,0.02,0.02,0,960,,7.4,600,200,532.7,96,66,,,,,,
AUS_011,9.26,0.06,15.98,0.43,0.32,72.4579,0.1,0.32,,0.47,0.3,0.002,0.02,0.24,,0.0001,0.02,0.02,0,960,,7.4,600,140,4969.2,90,71,,,,,,
AUS_011,9.26,0.06,15.98,0.43,0.32,72.4579,0.1,0.32,,0.47,0.3,0.002,0.02,0.24,,0.0001,0.02,0.02,0,960,,7.4,600,100,31665.8,91,71,,,,,,
AUS_011,9.26,0.06,15.98,0.43,0.32,72.4579,0.1,0.32,,0.47,0.3,0.002,0.02,0.24,,0.0001,0.02,0.02,0,960,,7.4,600,80,112950.5,94,67,,,,,,
AUS_011,9.26,0.06,15.98,0.43,0.32,72.4579,0.1,0.32,,0.47,0.3,0.002,0.02,0.24,,0.0001,0.02,0.02,0,960,,7.4,700,140,56,74,64,,,,,,
AUS_011,9.26,0.06,15.98,0.43,0.32,72.4579,0.1,0.32,,0.47,0.3,0.002,0.02,0.24,,0.0001,0.02,0.02,0,960,,7.4,700,80,1453.3,85,59,,,,,,
AUS_011,9.26,0.06,15.98,0.43,0.32,72.4579,0.1,0.32,,0.47,0.3,0.002,0.02,0.24,,0.0001,0.02,0.02,0,960,,7.4,700,60,3244.6,62,55,,,,,,
AUS_011,9.26,0.06,15.98,0.43,0.32,72.4579,0.1,0.32,,0.47,0.3,0.002,0.02,0.24,,0.0001,0.02,0.02,0,960,,7.4,700,40,16107.1,73,50,,,,,,
AUS_011,9.26,0.06,15.98,0.43,0.32,72.4579,0.1,0.32,,0.47,0.3,0.002,0.02,0.24,,0.0001,0.02,0.02,0,960,,7.4,700,30,24188.7,106,52,,,,,,
AUS_011,9.26,0.06,15.98,0.43,0.32,72.4579,0.1,0.32,,0.47,0.3,0.002,0.02,0.24,,0.0001,0.02,0.02,0,960,,7.4,800,60,124,57,49,,,,,,
AUS_011,9.26,0.06,15.98,0.43,0.32,72.4579,0.1,0.32,,0.47,0.3,0.002,0.02,0.24,,0.0001,0.02,0.02,0,960,,7.4,800,40,348.2,72,45,,,,,,
AUS_011,9.26,0.06,15.98,0.43,0.32,72.4579,0.1,0.32,,0.47,0.3,0.002,0.02,0.24,,0.0001,0.02,0.02,0,960,,7.4,800,30,903.9,67,46,,,,,,
AUS_011,9.26,0.06,15.98,0.43,0.32,72.4579,0.1,0.32,,0.47,0.3,0.002,0.02,0.24,,0.0001,0.02,0.02,0,960,,7.4,800,20,5277.5,102,45,,,,,,
AUS_011,9.26,0.06,15.98,0.43,0.32,72.4579,0.1,0.32,,0.47,0.3,0.002,0.02,0.24,,0.0001,0.02,0.02,0,960,,7.4,800,14,89507.6,99,40,,,,,,
AUS_011,9.26,0.06,15.98,0.43,0.32,72.4579,0.1,0.32,,0.47,0.3,0.002,0.02,0.24,,0.0001,0.02,0.02,0,960,,7.4,900,40,26.4,60,55,,,,,,
AUS_011,9.26,0.06,15.98,0.43,0.32,72.4579,0.1,0.32,,0.47,0.3,0.002,0.02,0.24,,0.0001,0.02,0.02,0,960,,7.4,900,30,76.5,84,53,,,,,,
AUS_011,9.26,0.06,15.98,0.43,0.32,72.4579,0.1,0.32,,0.47,0.3,0.002,0.02,0.24,,0.0001,0.02,0.02,0,960,,7.4,900,20,164.3,81,49,,,,,,
AUS_011,9.26,0.06,15.98,0.43,0.32,72.4579,0.1,0.32,,0.47,0.3,0.002,0.02,0.24,,0.0001,0.02,0.02,0,960,,7.4,900,14,522,97,47,,,,,,
AUS_011,9.26,0.06,15.98,0.43,0.32,72.4579,0.1,0.32,,0.47,0.3,0.002,0.02,0.24,,0.0001,0.02,0.02,0,960,,7.4,900,10,6158.5,112,49,,,,,,
AUS_011,9.26,0.06,15.98,0.43,0.32,72.4579,0.1,0.32,,0.47,0.3,0.002,0.02,0.24,,0.0001,0.02,0.02,0,960,,7.4,1000,14,78,89,55,,,,,,
AUS_011,9.26,0.06,15.98,0.43,0.32,72.4579,0.1,0.32,,0.47,0.3,0.002,0.02,0.24,,0.0001,0.02,0.02,0,960,,7.4,1000,10,434.5,131,53,,,,,,
AUS_012,7.99,0.03,15.8,0.23,0.12,75.104,0.1,0.21,,0.05,0.11,0.005,0.16,0.08,,0.001,0.009,0.001,0,825,,6.5,600,300,16.7,86,70,,,,,,
AUS_012,7.99,0.03,15.8,0.23,0.12,75.104,0.1,0.21,,0.05,0.11,0.005,0.16,0.08,,0.001,0.009,0.001,0,825,,6.5,600,200,345.8,73,71,,,,,,
AUS_012,7.99,0.03,15.8,0.23,0.12,75.104,0.1,0.21,,0.05,0.11,0.005,0.16,0.08,,0.001,0.009,0.001,0,825,,6.5,600,140,2688.8,68,73,,,,,,
AUS_012,7.99,0.03,15.8,0.23,0.12,75.104,0.1,0.21,,0.05,0.11,0.005,0.16,0.08,,0.001,0.009,0.001,0,825,,6.5,600,100,12799.1,54,75,,,,,,
AUS_012,7.99,0.03,15.8,0.23,0.12,75.104,0.1,0.21,,0.05,0.11,0.005,0.16,0.08,,0.001,0.009,0.001,0,825,,6.5,600,80,30476.2,80,79,,,,,,
AUS_012,7.99,0.03,15.8,0.23,0.12,75.104,0.1,0.21,,0.05,0.11,0.005,0.16,0.08,,0.001,0.009,0.001,0,825,,6.5,700,140,35.5,60,75,,,,,,
AUS_012,7.99,0.03,15.8,0.23,0.12,75.104,0.1,0.21,,0.05,0.11,0.005,0.16,0.08,,0.001,0.009,0.001,0,825,,6.5,700,80,1108,15,42,,,,,,
AUS_012,7.99,0.03,15.8,0.23,0.12,75.104,0.1,0.21,,0.05,0.11,0.005,0.16,0.08,,0.001,0.009,0.001,0,825,,6.5,700,60,1583.2,46,62,,,,,,
AUS_012,7.99,0.03,15.8,0.23,0.12,75.104,0.1,0.21,,0.05,0.11,0.005,0.16,0.08,,0.001,0.009,0.001,0,825,,6.5,700,40,9144.2,21,45,,,,,,
AUS_012,7.99,0.03,15.8,0.23,0.12,75.104,0.1,0.21,,0.05,0.11,0.005,0.16,0.08,,0.001,0.009,0.001,0,825,,6.5,700,30,15003.6,52,56,,,,,,
AUS_012,7.99,0.03,15.8,0.23,0.12,75.104,0.1,0.21,,0.05,0.11,0.005,0.16,0.08,,0.001,0.009,0.001,0,825,,6.5,800,60,58.9,45,60,,,,,,
AUS_012,7.99,0.03,15.8,0.23,0.12,75.104,0.1,0.21,,0.05,0.11,0.005,0.16,0.08,,0.001,0.009,0.001,0,825,,6.5,800,40,189.4,48,54,,,,,,
AUS_012,7.99,0.03,15.8,0.23,0.12,75.104,0.1,0.21,,0.05,0.11,0.005,0.16,0.08,,0.001,0.009,0.001,0,825,,6.5,800,30,599.5,28,46,,,,,,
AUS_012,7.99,0.03,15.8,0.23,0.12,75.104,0.1,0.21,,0.05,0.11,0.005,0.16,0.08,,0.001,0.009,0.001,0,825,,6.5,800,30,2889,24,23,,,,,,
AUS_012,7.99,0.03,15.8,0.23,0.12,75.104,0.1,0.21,,0.05,0.11,0.005,0.16,0.08,,0.001,0.009,0.001,0,825,,6.5,800,20,3222.8,28,41,,,,,,
AUS_012,7.99,0.03,15.8,0.23,0.12,75.104,0.1,0.21,,0.05,0.11,0.005,0.16,0.08,,0.001,0.009,0.001,0,825,,6.5,800,14,5438,90,44,,,,,,
AUS_012,7.99,0.03,15.8,0.23,0.12,75.104,0.1,0.21,,0.05,0.11,0.005,0.16,0.08,,0.001,0.009,0.001,0,825,,6.5,900,40,10.8,65,63,,,,,,
AUS_012,7.99,0.03,15.8,0.23,0.12,75.104,0.1,0.21,,0.05,0.11,0.005,0.16,0.08,,0.001,0.009,0.001,0,825,,6.5,900,30,178.2,18,29,,,,,,
AUS_012,7.99,0.03,15.8,0.23,0.12,75.104,0.1,0.21,,0.05,0.11,0.005,0.16,0.08,,0.001,0.009,0.001,0,825,,6.5,900,20,913.9,18,29,,,,,,
AUS_012,7.99,0.03,15.8,0.23,0.12,75.104,0.1,0.21,,0.05,0.11,0.005,0.16,0.08,,0.001,0.009,0.001,0,825,,6.5,900,14,10280.5,46,27,,,,,,
AUS_012,7.99,0.03,15.8,0.23,0.12,75.104,0.1,0.21,,0.05,0.11,0.005,0.16,0.08,,0.001,0.009,0.001,0,825,,6.5,900,14,433.9,62,46,,,,,,
AUS_012,7.99,0.03,15.8,0.23,0.12,75.104,0.1,0.21,,0.05,0.11,0.005,0.16,0.08,,0.001,0.009,0.001,0,825,,6.5,1000,20,89.9,56,51,,,,,,
AUS_012,7.99,0.03,15.8,0.23,0.12,75.104,0.1,0.21,,0.05,0.11,0.005,0.16,0.08,,0.001,0.009,0.001,0,825,,6.5,1000,14,645.3,67,45,,,,,,
AUS_012,7.99,0.03,15.8,0.23,0.12,75.104,0.1,0.21,,0.05,0.11,0.005,0.16,0.08,,0.001,0.009,0.001,0,825,,6.5,1000,10,2414.1,108,40,,,,,,
AUS_013,8.67,0.09,15.69,0.28,0.2,73.402,0.2,0.13,,0.73,0.22,0.007,0.2,0.36,,0.003,0.017,0.001,0,1150,800,2.4,600,400,8.7,73,57,,,,,,
AUS_013,8.67,0.09,15.69,0.28,0.2,73.402,0.2,0.13,,0.73,0.22,0.007,0.2,0.36,,0.003,0.017,0.001,0,1150,800,2.4,600,300,89,90,65,,,,,,
AUS_013,8.67,0.09,15.69,0.28,0.2,73.402,0.2,0.13,,0.73,0.22,0.007,0.2,0.36,,0.003,0.017,0.001,0,1150,800,2.4,600,200,1667.6,84,78,,,,,,
AUS_013,8.67,0.09,15.69,0.28,0.2,73.402,0.2,0.13,,0.73,0.22,0.007,0.2,0.36,,0.003,0.017,0.001,0,1150,800,2.4,600,140,30351.2,82,74,,,,,,
AUS_013,8.67,0.09,15.69,0.28,0.2,73.402,0.2,0.13,,0.73,0.22,0.007,0.2,0.36,,0.003,0.017,0.001,0,1150,800,2.4,700,200,14,115,74,,,,,,
AUS_013,8.67,0.09,15.69,0.28,0.2,73.402,0.2,0.13,,0.73,0.22,0.007,0.2,0.36,,0.003,0.017,0.001,0,1150,800,2.4,700,140,227.1,75,78,,,,,,
AUS_013,8.67,0.09,15.69,0.28,0.2,73.402,0.2,0.13,,0.73,0.22,0.007,0.2,0.36,,0.003,0.017,0.001,0,1150,800,2.4,700,80,18190.8,22,31,,,,,,
AUS_013,8.67,0.09,15.69,0.28,0.2,73.402,0.2,0.13,,0.73,0.22,0.007,0.2,0.36,,0.003,0.017,0.001,0,1150,800,2.4,700,60,134083.3,6,19,,,,,,
AUS_013,8.67,0.09,15.69,0.28,0.2,73.402,0.2,0.13,,0.73,0.22,0.007,0.2,0.36,,0.003,0.017,0.001,0,1150,800,2.4,800,80,173.8,62,73,,,,,,
AUS_013,8.67,0.09,15.69,0.28,0.2,73.402,0.2,0.13,,0.73,0.22,0.007,0.2,0.36,,0.003,0.017,0.001,0,1150,800,2.4,800,60,930.9,84,64,,,,,,
AUS_013,8.67,0.09,15.69,0.28,0.2,73.402,0.2,0.13,,0.73,0.22,0.007,0.2,0.36,,0.003,0.017,0.001,0,1150,800,2.4,800,40,6420,36,33,,,,,,
AUS_013,8.67,0.09,15.69,0.28,0.2,73.402,0.2,0.13,,0.73,0.22,0.007,0.2,0.36,,0.003,0.017,0.001,0,1150,800,2.4,800,30,21246,28,25,,,,,,
AUS_013,8.67,0.09,15.69,0.28,0.2,73.402,0.2,0.13,,0.73,0.22,0.007,0.2,0.36,,0.003,0.017,0.001,0,1150,800,2.4,900,40,125.5,55,42,,,,,,
AUS_013,8.67,0.09,15.69,0.28,0.2,73.402,0.2,0.13,,0.73,0.22,0.007,0.2,0.36,,0.003,0.017,0.001,0,1150,800,2.4,900,30,520.9,32,29,,,,,,
AUS_013,8.67,0.09,15.69,0.28,0.2,73.402,0.2,0.13,,0.73,0.22,0.007,0.2,0.36,,0.003,0.017,0.001,0,1150,800,2.4,900,20,3412.3,26,18,,,,,,
AUS_013,8.67,0.09,15.69,0.28,0.2,73.402,0.2,0.13,,0.73,0.22,0.007,0.2,0.36,,0.003,0.017,0.001,0,1150,800,2.4,900,14,29844.3,42,28,,,,,,
AUS_013,8.67,0.09,15.69,0.28,0.2,73.402,0.2,0.13,,0.73,0.22,0.007,0.2,0.36,,0.003,0.017,0.001,0,1150,800,2.4,1000,20,183.4,41,36,,,,,,
AUS_013,8.67,0.09,15.69,0.28,0.2,73.402,0.2,0.13,,0.73,0.22,0.007,0.2,0.36,,0.003,0.017,0.001,0,1150,800,2.4,1000,14,776.5,34,29,,,,,,
AUS_013,8.67,0.09,15.69,0.28,0.2,73.402,0.2,0.13,,0.73,0.22,0.007,0.2,0.36,,0.003,0.017,0.001,0,1150,800,2.4,1000,10,4239.9,75,33,,,,,,
AUS_014,7.48,0.06,15.65,0.31,0.3,75.871,0.04,0.02,,0.004,0.12,0.007,0.01,0.12,,0.002,0.004,0.002,0,,,1.6,600,300,13.7,89,67,,,,,,
AUS_014,7.48,0.06,15.65,0.31,0.3,75.871,0.04,0.02,,0.004,0.12,0.007,0.01,0.12,,0.002,0.004,0.002,0,,,1.6,600,200,210.1,102,75,,,,,,
AUS_014,7.48,0.06,15.65,0.31,0.3,75.871,0.04,0.02,,0.004,0.12,0.007,0.01,0.12,,0.002,0.004,0.002,0,,,1.6,600,140,1813.2,121,83,,,,,,
AUS_014,7.48,0.06,15.65,0.31,0.3,75.871,0.04,0.02,,0.004,0.12,0.007,0.01,0.12,,0.002,0.004,0.002,0,,,1.6,600,100,17416.3,101,80,,,,,,
AUS_014,7.48,0.06,15.65,0.31,0.3,75.871,0.04,0.02,,0.004,0.12,0.007,0.01,0.12,,0.002,0.004,0.002,0,,,1.6,600,80,79901.2,97,77,,,,,,
AUS_014,7.48,0.06,15.65,0.31,0.3,75.871,0.04,0.02,,0.004,0.12,0.007,0.01,0.12,,0.002,0.004,0.002,0,,,1.6,700,140,25.6,113,82,,,,,,
AUS_014,7.48,0.06,15.65,0.31,0.3,75.871,0.04,0.02,,0.004,0.12,0.007,0.01,0.12,,0.002,0.004,0.002,0,,,1.6,700,80,1021.8,91,73,,,,,,
AUS_014,7.48,0.06,15.65,0.31,0.3,75.871,0.04,0.02,,0.004,0.12,0.007,0.01,0.12,,0.002,0.004,0.002,0,,,1.6,700,60,5785.6,77,58,,,,,,
AUS_014,7.48,0.06,15.65,0.31,0.3,75.871,0.04,0.02,,0.004,0.12,0.007,0.01,0.12,,0.002,0.004,0.002,0,,,1.6,700,40,47354.4,38,32,,,,,,
AUS_014,7.48,0.06,15.65,0.31,0.3,75.871,0.04,0.02,,0.004,0.12,0.007,0.01,0.12,,0.002,0.004,0.002,0,,,1.6,800,60,125.5,77,62,,,,,,
AUS_014,7.48,0.06,15.65,0.31,0.3,75.871,0.04,0.02,,0.004,0.12,0.007,0.01,0.12,,0.002,0.004,0.002,0,,,1.6,800,40,920,38,35,,,,,,
AUS_014,7.48,0.06,15.65,0.31,0.3,75.871,0.04,0.02,,0.004,0.12,0.007,0.01,0.12,,0.002,0.004,0.002,0,,,1.6,800,30,3383.2,33,25,,,,,,
AUS_014,7.48,0.06,15.65,0.31,0.3,75.871,0.04,0.02,,0.004,0.12,0.007,0.01,0.12,,0.002,0.004,0.002,0,,,1.6,800,20,87223.7,66,23,,,,,,
AUS_014,7.48,0.06,15.65,0.31,0.3,75.871,0.04,0.02,,0.004,0.12,0.007,0.01,0.12,,0.002,0.004,0.002,0,,,1.6,900,40,45.8,60,48,,,,,,
AUS_014,7.48,0.06,15.65,0.31,0.3,75.871,0.04,0.02,,0.004,0.12,0.007,0.01,0.12,,0.002,0.004,0.002,0,,,1.6,900,30,174,35,29,,,,,,
AUS_014,7.48,0.06,15.65,0.31,0.3,75.871,0.04,0.02,,0.004,0.12,0.007,0.01,0.12,,0.002,0.004,0.002,0,,,1.6,900,20,1047.4,33,26,,,,,,
AUS_014,7.48,0.06,15.65,0.31,0.3,75.871,0.04,0.02,,0.004,0.12,0.007,0.01,0.12,,0.002,0.004,0.002,0,,,1.6,900,14,20660.8,83,29,,,,,,
AUS_014,7.48,0.06,15.65,0.31,0.3,75.871,0.04,0.02,,0.004,0.12,0.007,0.01,0.12,,0.002,0.004,0.002,0,,,1.6,1000,20,65,57,46,,,,,,
AUS_014,7.48,0.06,15.65,0.31,0.3,75.871,0.04,0.02,,0.004,0.12,0.007,0.01,0.12,,0.002,0.004,0.002,0,,,1.6,1000,14,718.8,100,35,,,,,,
AUS_014,7.48,0.06,15.65,0.31,0.3,75.871,0.04,0.02,,0.004,0.12,0.007,0.01,0.12,,0.002,0.004,0.002,0,,,1.6,1000,10,28904.4,109,12,,,,,,
AUS_015,7.49,0.049,15.37,0.49,0.33,75.5229,0.031,0.001,,0.002,0.16,0.002,0.004,0.26,,0.0001,0.28,0.008,0,1120,,3.1,600,300,33.5,19,19,,,,,,
AUS_015,7.49,0.049,15.37,0.49,0.33,75.5229,0.031,0.001,,0.002,0.16,0.002,0.004,0.26,,0.0001,0.28,0.008,0,1120,,3.1,600,200,191.1,16,17,,,,,,
AUS_015,7.49,0.049,15.37,0.49,0.33,75.5229,0.031,0.001,,0.002,0.16,0.002,0.004,0.26,,0.0001,0.28,0.008,0,1120,,3.1,600,140,1094.5,18,16,,,,,,
AUS_015,7.49,0.049,15.37,0.49,0.33,75.5229,0.031,0.001,,0.002,0.16,0.002,0.004,0.26,,0.0001,0.28,0.008,0,1120,,3.1,600,100,8385.6,23,20,,,,,,
AUS_015,7.49,0.049,15.37,0.49,0.33,75.5229,0.031,0.001,,0.002,0.16,0.002,0.004,0.26,,0.0001,0.28,0.008,0,1120,,3.1,600,80,39250.8,32,28,,,,,,
AUS_015,7.49,0.049,15.37,0.49,0.33,75.5229,0.031,0.001,,0.002,0.16,0.002,0.004,0.26,,0.0001,0.28,0.008,0,1120,,3.1,700,140,15,25,23,,,,,,
AUS_015,7.49,0.049,15.37,0.49,0.33,75.5229,0.031,0.001,,0.002,0.16,0.002,0.004,0.26,,0.0001,0.28,0.008,0,1120,,3.1,700,80,468.5,29,26,,,,,,
AUS_015,7.49,0.049,15.37,0.49,0.33,75.5229,0.031,0.001,,0.002,0.16,0.002,0.004,0.26,,0.0001,0.28,0.008,0,1120,,3.1,700,60,2496.8,32,26,,,,,,
AUS_015,7.49,0.049,15.37,0.49,0.33,75.5229,0.031,0.001,,0.002,0.16,0.002,0.004,0.26,,0.0001,0.28,0.008,0,1120,,3.1,700,40,67643.7,55,23,,,,,,
AUS_015,7.49,0.049,15.37,0.49,0.33,75.5229,0.031,0.001,,0.002,0.16,0.002,0.004,0.26,,0.0001,0.28,0.008,0,1120,,3.1,800,60,69.7,34,29,,,,,,
AUS_015,7.49,0.049,15.37,0.49,0.33,75.5229,0.031,0.001,,0.002,0.16,0.002,0.004,0.26,,0.0001,0.28,0.008,0,1120,,3.1,800,40,606.9,51,28,,,,,,
AUS_015,7.49,0.049,15.37,0.49,0.33,75.5229,0.031,0.001,,0.002,0.16,0.002,0.004,0.26,,0.0001,0.28,0.008,0,1120,,3.1,800,30,17083.4,58,22,,,,,,
AUS_015,7.49,0.049,15.37,0.49,0.33,75.5229,0.031,0.001,,0.002,0.16,0.002,0.004,0.26,,0.0001,0.28,0.008,0,1120,,3.1,900,40,37.8,44,34,,,,,,
AUS_015,7.49,0.049,15.37,0.49,0.33,75.5229,0.031,0.001,,0.002,0.16,0.002,0.004,0.26,,0.0001,0.28,0.008,0,1120,,3.1,900,30,139.1,57,35,,,,,,
AUS_015,7.49,0.049,15.37,0.49,0.33,75.5229,0.031,0.001,,0.002,0.16,0.002,0.004,0.26,,0.0001,0.28,0.008,0,1120,,3.1,900,20,2391.7,52,22,,,,,,
AUS_015,7.49,0.049,15.37,0.49,0.33,75.5229,0.031,0.001,,0.002,0.16,0.002,0.004,0.26,,0.0001,0.28,0.008,0,1120,,3.1,900,14,16081.9,43,12,,,,,,
AUS_015,7.49,0.049,15.37,0.49,0.33,75.5229,0.031,0.001,,0.002,0.16,0.002,0.004,0.26,,0.0001,0.28,0.008,0,1120,,3.1,1000,20,65,57,46,,,,,,
AUS_015,7.49,0.049,15.37,0.49,0.33,75.5229,0.031,0.001,,0.002,0.16,0.002,0.004,0.26,,0.0001,0.28,0.008,0,1120,,3.1,1000,14,718.8,100,35,,,,,,
AUS_015,7.49,0.049,15.37,0.49,0.33,75.5229,0.031,0.001,,0.002,0.16,0.002,0.004,0.26,,0.0001,0.28,0.008,0,1120,,3.1,1000,10,28904.4,109,12,,,,,,
AUS_016,18.4,0.08,21.2,0.4,0.33,48.318,1.1,8.9,0.8,,0.4,0.01,,0.013,,0.004,0.0352,0.01,0,1150,,3.7,700,200,537.1,86,78,,,,,,
AUS_016,18.4,0.08,21.2,0.4,0.33,48.318,1.1,8.9,0.8,,0.4,0.01,,0.013,,0.004,0.0352,0.01,0,1150,,3.7,700,180,1540.6,80,84,,,,,,
AUS_016,18.4,0.08,21.2,0.4,0.33,48.318,1.1,8.9,0.8,,0.4,0.01,,0.013,,0.004,0.0352,0.01,0,1150,,3.7,700,160,4578.5,64,83,,,,,,
AUS_016,18.4,0.08,21.2,0.4,0.33,48.318,1.1,8.9,0.8,,0.4,0.01,,0.013,,0.004,0.0352,0.01,0,1150,,3.7,700,140,17980.6,61,72,,,,,,
AUS_016,18.4,0.08,21.2,0.4,0.33,48.318,1.1,8.9,0.8,,0.4,0.01,,0.013,,0.004,0.0352,0.01,0,1150,,3.7,800,120,263.6,93,86,,,,,,
AUS_016,18.4,0.08,21.2,0.4,0.33,48.318,1.1,8.9,0.8,,0.4,0.01,,0.013,,0.004,0.0352,0.01,0,1150,,3.7,800,100,1217.8,70,78,,,,,,
AUS_016,18.4,0.08,21.2,0.4,0.33,48.318,1.1,8.9,0.8,,0.4,0.01,,0.013,,0.004,0.0352,0.01,0,1150,,3.7,800,90,2857.7,62,75,,,,,,
AUS_016,18.4,0.08,21.2,0.4,0.33,48.318,1.1,8.9,0.8,,0.4,0.01,,0.013,,0.004,0.0352,0.01,0,1150,,3.7,800,80,5640.9,66,72,,,,,,
AUS_016,18.4,0.08,21.2,0.4,0.33,48.318,1.1,8.9,0.8,,0.4,0.01,,0.013,,0.004,0.0352,0.01,0,1150,,3.7,800,60,26092.7,54,58,,,,,,
AUS_016,18.4,0.08,21.2,0.4,0.33,48.318,1.1,8.9,0.8,,0.4,0.01,,0.013,,0.004,0.0352,0.01,0,1150,,3.7,900,60,169.6,74,65,,,,,,
AUS_016,18.4,0.08,21.2,0.4,0.33,48.318,1.1,8.9,0.8,,0.4,0.01,,0.013,,0.004,0.0352,0.01,0,1150,,3.7,900,50,520.4,65,57,,,,,,
AUS_016,18.4,0.08,21.2,0.4,0.33,48.318,1.1,8.9,0.8,,0.4,0.01,,0.013,,0.004,0.0352,0.01,0,1150,,3.7,900,40,1944.6,38,41,,,,,,
AUS_016,18.4,0.08,21.2,0.4,0.33,48.318,1.1,8.9,0.8,,0.4,0.01,,0.013,,0.004,0.0352,0.01,0,1150,,3.7,900,30,6090.2,31,31,,,,,,
AUS_016,18.4,0.08,21.2,0.4,0.33,48.318,1.1,8.9,0.8,,0.4,0.01,,0.013,,0.004,0.0352,0.01,0,1150,,3.7,900,20,22543,23,12,,,,,,
AUS_016,18.4,0.08,21.2,0.4,0.33,48.318,1.1,8.9,0.8,,0.4,0.01,,0.013,,0.004,0.0352,0.01,0,1150,,3.7,1000,25,322.6,31,30,,,,,,
AUS_016,18.4,0.08,21.2,0.4,0.33,48.318,1.1,8.9,0.8,,0.4,0.01,,0.013,,0.004,0.0352,0.01,0,1150,,3.7,1000,20,665,25,21,,,,,,
AUS_016,18.4,0.08,21.2,0.4,0.33,48.318,1.1,8.9,0.8,,0.4,0.01,,0.013,,0.004,0.0352,0.01,0,1150,,3.7,1000,15,1420.8,20,13,,,,,,
AUS_016,18.4,0.08,21.2,0.4,0.33,48.318,1.1,8.9,0.8,,0.4,0.01,,0.013,,0.004,0.0352,0.01,0,1150,,3.7,1000,10,5570.6,67,24,,,,,,
AUS_017,17.9,0.06,21.4,0.45,0.34,48.4616,1.2,9,0.8,,0.32,0.01,,0.005,,0.004,0.0394,0.01,0,1150,,4.4,700,200,308.8,108,88,,,,,,
AUS_017,17.9,0.06,21.4,0.45,0.34,48.4616,1.2,9,0.8,,0.32,0.01,,0.005,,0.004,0.0394,0.01,0,1150,,4.4,700,180,742.6,116,90,,,,,,
AUS_017,17.9,0.06,21.4,0.45,0.34,48.4616,1.2,9,0.8,,0.32,0.01,,0.005,,0.004,0.0394,0.01,0,1150,,4.4,700,160,2337.8,83,89,,,,,,
AUS_017,17.9,0.06,21.4,0.45,0.34,48.4616,1.2,9,0.8,,0.32,0.01,,0.005,,0.004,0.0394,0.01,0,1150,,4.4,700,140,9401.6,64,89,,,,,,
AUS_017,17.9,0.06,21.4,0.45,0.34,48.4616,1.2,9,0.8,,0.32,0.01,,0.005,,0.004,0.0394,0.01,0,1150,,4.4,800,120,112,110,95,,,,,,
AUS_017,17.9,0.06,21.4,0.45,0.34,48.4616,1.2,9,0.8,,0.32,0.01,,0.005,,0.004,0.0394,0.01,0,1150,,4.4,800,100,416.2,91,91,,,,,,
AUS_017,17.9,0.06,21.4,0.45,0.34,48.4616,1.2,9,0.8,,0.32,0.01,,0.005,,0.004,0.0394,0.01,0,1150,,4.4,800,90,773.6,103,93,,,,,,
AUS_017,17.9,0.06,21.4,0.45,0.34,48.4616,1.2,9,0.8,,0.32,0.01,,0.005,,0.004,0.0394,0.01,0,1150,,4.4,800,80,2051,95,90,,,,,,
AUS_017,17.9,0.06,21.4,0.45,0.34,48.4616,1.2,9,0.8,,0.32,0.01,,0.005,,0.004,0.0394,0.01,0,1150,,4.4,800,60,13544.4,64,89,,,,,,
AUS_017,17.9,0.06,21.4,0.45,0.34,48.4616,1.2,9,0.8,,0.32,0.01,,0.005,,0.004,0.0394,0.01,0,1150,,4.4,900,60,98.7,114,93,,,,,,
AUS_017,17.9,0.06,21.4,0.45,0.34,48.4616,1.2,9,0.8,,0.32,0.01,,0.005,,0.004,0.0394,0.01,0,1150,,4.4,900,50,279.7,80,88,,,,,,
AUS_017,17.9,0.06,21.4,0.45,0.34,48.4616,1.2,9,0.8,,0.32,0.01,,0.005,,0.004,0.0394,0.01,0,1150,,4.4,900,40,935.4,67,81,,,,,,
AUS_017,17.9,0.06,21.4,0.45,0.34,48.4616,1.2,9,0.8,,0.32,0.01,,0.005,,0.004,0.0394,0.01,0,1150,,4.4,900,30,4000.1,56,72,,,,,,
AUS_017,17.9,0.06,21.4,0.45,0.34,48.4616,1.2,9,0.8,,0.32,0.01,,0.005,,0.004,0.0394,0.01,0,1150,,4.4,900,20,17508.1,43,41,,,,,,
AUS_017,17.9,0.06,21.4,0.45,0.34,48.4616,1.2,9,0.8,,0.32,0.01,,0.005,,0.004,0.0394,0.01,0,1150,,4.4,1000,25,149.7,78,81,,,,,,
AUS_017,17.9,0.06,21.4,0.45,0.34,48.4616,1.2,9,0.8,,0.32,0.01,,0.005,,0.004,0.0394,0.01,0,1150,,4.4,1000,20,452.3,49,65,,,,,,
AUS_017,17.9,0.06,21.4,0.45,0.34,48.4616,1.2,9,0.8,,0.32,0.01,,0.005,,0.004,0.0394,0.01,0,1150,,4.4,1000,15,842.4,64,60,,,,,,
AUS_017,17.9,0.06,21.4,0.45,0.34,48.4616,1.2,9,0.8,,0.32,0.01,,0.005,,0.004,0.0394,0.01,0,1150,,4.4,1000,10,3475.6,27,36,,,,,,
AUS_018,18.7,0.06,21.1,0.48,0.35,48.0392,1.4,8.8,0.6,,0.39,0.01,,0.021,,0.004,0.0358,0.01,0,1150,,4.7,700,200,315.8,113,86,,,,,,
AUS_018,18.7,0.06,21.1,0.48,0.35,48.0392,1.4,8.8,0.6,,0.39,0.01,,0.021,,0.004,0.0358,0.01,0,1150,,4.7,700,180,703.8,111,96,,,,,,
AUS_018,18.7,0.06,21.1,0.48,0.35,48.0392,1.4,8.8,0.6,,0.39,0.01,,0.021,,0.004,0.0358,0.01,0,1150,,4.7,700,160,2147.8,113,92,,,,,,
AUS_018,18.7,0.06,21.1,0.48,0.35,48.0392,1.4,8.8,0.6,,0.39,0.01,,0.021,,0.004,0.0358,0.01,0,1150,,4.7,700,140,9222.1,63,89,,,,,,
AUS_018,18.7,0.06,21.1,0.48,0.35,48.0392,1.4,8.8,0.6,,0.39,0.01,,0.021,,0.004,0.0358,0.01,0,1150,,4.7,800,120,109.5,95,94,,,,,,
AUS_018,18.7,0.06,21.1,0.48,0.35,48.0392,1.4,8.8,0.6,,0.39,0.01,,0.021,,0.004,0.0358,0.01,0,1150,,4.7,800,100,387.5,111,91,,,,,,
AUS_018,18.7,0.06,21.1,0.48,0.35,48.0392,1.4,8.8,0.6,,0.39,0.01,,0.021,,0.004,0.0358,0.01,0,1150,,4.7,800,90,870.7,87,90,,,,,,
AUS_018,18.7,0.06,21.1,0.48,0.35,48.0392,1.4,8.8,0.6,,0.39,0.01,,0.021,,0.004,0.0358,0.01,0,1150,,4.7,800,80,2161.1,102,91,,,,,,
AUS_018,18.7,0.06,21.1,0.48,0.35,48.0392,1.4,8.8,0.6,,0.39,0.01,,0.021,,0.004,0.0358,0.01,0,1150,,4.7,800,60,15647.3,66,83,,,,,,
AUS_018,18.7,0.06,21.1,0.48,0.35,48.0392,1.4,8.8,0.6,,0.39,0.01,,0.021,,0.004,0.0358,0.01,0,1150,,4.7,900,60,93.2,116,93,,,,,,
AUS_018,18.7,0.06,21.1,0.48,0.35,48.0392,1.4,8.8,0.6,,0.39,0.01,,0.021,,0.004,0.0358,0.01,0,1150,,4.7,900,50,262.2,95,90,,,,,,
AUS_018,18.7,0.06,21.1,0.48,0.35,48.0392,1.4,8.8,0.6,,0.39,0.01,,0.021,,0.004,0.0358,0.01,0,1150,,4.7,900,40,739.7,58,87,,,,,,
AUS_018,18.7,0.06,21.1,0.48,0.35,48.0392,1.4,8.8,0.6,,0.39,0.01,,0.021,,0.004,0.0358,0.01,0,1150,,4.7,900,30,3765.8,74,74,,,,,,
AUS_018,18.7,0.06,21.1,0.48,0.35,48.0392,1.4,8.8,0.6,,0.39,0.01,,0.021,,0.004,0.0358,0.01,0,1150,,4.7,1000,25,181.1,100,72,,,,,,
AUS_018,18.7,0.06,21.1,0.48,0.35,48.0392,1.4,8.8,0.6,,0.39,0.01,,0.021,,0.004,0.0358,0.01,0,1150,,4.7,1000,20,331.2,66,69,,,,,,
AUS_018,18.7,0.06,21.1,0.48,0.35,48.0392,1.4,8.8,0.6,,0.39,0.01,,0.021,,0.004,0.0358,0.01,0,1150,,4.7,1000,15,1934.4,40,39,,,,,,
AUS_018,18.7,0.06,21.1,0.48,0.35,48.0392,1.4,8.8,0.6,,0.39,0.01,,0.021,,0.004,0.0358,0.01,0,1150,,4.7,1000,10,3088.9,46,39,,,,,,
